이름,우편번호,주소,전화번호,이메일
황종수,22172,경기도 부천시 오정구 서초중앙가,010-7473-2961,seoyeonryu@example.net
남성민,95536,제주특별자치도 고양시 일산서구 역삼590로,061-263-5708,bagseonghyeon@example.net
박경숙,49640,광주광역시 광진구 개포거리 (보람진동),017-807-2911,ijuweon@example.com
박지연,47896,세종특별자치시 동작구 가락거리 (현정지김동),011-673-1138,minseog94@example.com
김민지,08232,강원도 안양시 만안구 오금11가 (준서고문읍),053-243-0954,vhwang@example.net
박현정,48430,광주광역시 서구 봉은사로,011-195-5264,eunjubag@example.com
서예은,29041,강원도 인제군 서초중앙224가,019-100-8342,jihyeseo@example.com
김윤서,18909,세종특별자치시 동구 오금647길 (지원김읍),032-526-6376,gimsanghun@example.org
한정수,52217,광주광역시 도봉구 테헤란거리 (영순심김동),052-579-1194,ogja58@example.com
황지연,07139,경상남도 성남시 수정구 테헤란거리 (유진유리),016-142-5000,jangeunyeong@example.net
한혜진,41169,제주특별자치도 김포시 반포대가,031-261-3114,yeeunseo@example.com
양현정,22514,서울특별시 서초구 석촌호수로 (춘자김최동),019-648-4112,junhoryu@example.org
김은주,30458,인천광역시 강동구 강남대가 (경수민동),033-963-6386,gimsumin@example.com
양지은,29982,인천광역시 노원구 양재천996길,062-460-5386,gimjaehyeon@example.com
송영일,49207,대전광역시 강동구 언주15길 (민서박읍),011-394-8078,gwaghyeonjeong@example.net
박성진,76866,충청남도 강릉시 잠실가 (경자이허읍),061-432-2618,gimseongjin@example.net
송준호,30892,대전광역시 광진구 압구정로,017-817-0183,mijeongcoe@example.net
이경자,28930,인천광역시 성동구 반포대가 (서영김이면),018-479-2360,ni@example.com
김도윤,20805,세종특별자치시 강북구 언주1로 (정웅손박리),054-412-8650,hyeonu91@example.net
김영진,81545,대전광역시 은평구 도산대774길 (현주곽윤동),031-157-4578,lgim@example.com
이진우,71288,부산광역시 강동구 양재천199길,032-760-5274,jinyeongil@example.org
박은지,12567,충청남도 가평군 테헤란259거리 (채원김리),031-794-5255,minsu25@example.org
이정남,70193,울산광역시 동구 논현074길,018-562-6540,baeminseo@example.net
정상철,36617,충청남도 청주시 흥덕구 학동632거리 (재호유동),031-994-7658,junhyeog21@example.com
곽정남,95073,강원도 홍천군 잠실길 (지영안마을),062-179-6394,doyuni@example.net
하미영,66943,충청북도 부여군 압구정가 (현주박리),011-941-5799,minjunyeong@example.org
오영환,39305,부산광역시 노원구 도산대거리,055-948-1555,sangho74@example.org
김지원,67930,인천광역시 남구 선릉5로 (유진황황읍),052-833-2633,wi@example.net
김민수,76113,세종특별자치시 북구 학동85거리,064-782-7271,gsong@example.com
김미숙,08157,서울특별시 동작구 백제고분6거리 (지혜안박면),070-5569-8001,bcoe@example.org
장민석,91156,울산광역시 양천구 역삼0가,032-738-6022,jeongsun38@example.org
이지후,37979,세종특별자치시 동구 논현7거리 (현우최김리),062-438-2392,migyeong14@example.net
최영희,04508,경상북도 태백시 석촌호수822거리 (진우이권리),053-343-3362,gimyeonghyi@example.com
안시우,35109,인천광역시 용산구 개포길 (지후박읍),063-860-9447,coeseohyeon@example.com
최정식,69985,전라북도 양양군 백제고분길,051-222-6686,jinho56@example.com
이정식,09597,전라남도 구리시 서초대가 (서윤우최마을),062-648-3284,jihu22@example.net
오성진,07609,전라북도 서천군 봉은사4로 (성호최최리),018-018-6767,igyeongsug@example.com
권영수,23143,충청북도 의정부시 서초중앙가,055-455-6070,gimmigyeong@example.org
김혜진,00924,서울특별시 영등포구 봉은사7가 (영숙김읍),052-646-6515,yunseoi@example.org
송현주,28807,광주광역시 서초구 언주거리,043-212-6982,gojihye@example.net
박예지,48656,울산광역시 영등포구 언주81길 (수빈엄면),016-863-8712,eunjucoe@example.org
김혜진,27379,세종특별자치시 성북구 선릉가,064-757-0423,jihyeongim@example.net
주민석,45302,충청남도 횡성군 언주거리,061-652-6161,xju@example.net
윤서준,55381,세종특별자치시 노원구 백제고분로 (미경김심리),055-566-2377,hyeonu81@example.org
김정수,29553,부산광역시 종로구 학동996로 (병철이이리),064-729-8409,hyeonjumun@example.net
권은지,89705,세종특별자치시 관악구 오금길,016-197-0289,songsangho@example.net
이순옥,48707,경상남도 성남시 잠실6길,018-687-7007,rgang@example.org
황미경,98999,강원도 강릉시 논현7거리,061-434-1703,gimjihu@example.net
김지민,97578,울산광역시 금천구 삼성거리,062-927-3488,jaeho29@example.net
윤도윤,63410,광주광역시 강북구 도산대길 (춘자이읍),063-169-1763,vgim@example.org
임성현,31156,경상남도 여주시 양재천로 (유진최동),054-139-7794,gimjinu@example.com
김경자,10970,제주특별자치도 홍천군 백제고분514거리 (재현남읍),070-8360-9238,sugjai@example.org
주정웅,53247,경기도 연천군 언주로,064-783-9196,gimminji@example.net
심준서,36211,서울특별시 마포구 테헤란6로 (지은허읍),061-473-5975,ocaeweon@example.org
안지아,62117,세종특별자치시 중구 오금가,054-131-4876,hyeonjun22@example.org
이정희,39554,충청남도 철원군 학동길,02-7268-0727,tjo@example.com
김상현,33138,충청남도 영동군 선릉길 (준혁나읍),061-003-1027,yeeunbaeg@example.net
강정희,33438,대구광역시 마포구 압구정길,051-907-4644,gimhyeonju@example.com
김지현,54006,서울특별시 동작구 삼성07길 (영희이리),064-762-5055,seonyeong64@example.com
나영미,89913,전라북도 강릉시 논현가 (영수최읍),055-538-3975,ngang@example.com
김춘자,64882,울산광역시 강북구 언주7로 (은정박최면),054-262-0022,ao@example.net
정현숙,55849,서울특별시 구로구 봉은사가,032-233-3153,seongmin18@example.com
김영철,96582,경상북도 횡성군 잠실거리,064-758-4167,gimmigyeong@example.com
정정훈,68519,강원도 횡성군 삼성8거리 (동현장김동),053-973-7686,joseohyeon@example.net
우동현,46260,서울특별시 영등포구 학동가 (정순윤읍),043-464-4912,icaeweon@example.org
허영길,27046,광주광역시 서초구 도산대68로,033-845-4729,junhogim@example.net
김민석,12770,대구광역시 동대문구 양재천3거리,043-661-6396,jiaryu@example.org
박민지,46675,충청북도 성남시 수정구 석촌호수7로,019-081-9466,yeongsug13@example.org
백선영,69677,광주광역시 중랑구 테헤란거리 (진호이읍),042-505-2102,yunyeonggil@example.net
박채원,87644,강원도 영월군 개포8길,062-151-9758,jeongho88@example.net
최준영,76133,충청북도 철원군 삼성로 (유진이강리),010-0083-7987,mgo@example.org
이영호,60258,전라북도 계룡시 강남대53가 (윤서이최면),018-649-4980,minjunhan@example.net
손수빈,84802,제주특별자치도 천안시 동남구 논현로,019-621-6183,jojunho@example.org
이정수,62561,충청북도 김포시 오금04가 (예은주마을),042-742-5542,qseo@example.net
송현준,86236,경상남도 수원시 팔달구 도산대거리 (정훈문마을),032-786-4426,qgim@example.com
김은경,85906,충청남도 보은군 가락021가,070-5068-5317,misugjang@example.com
박성진,07772,서울특별시 동구 도산대로,054-793-3076,jiyeon77@example.com
김은정,30546,전라남도 남양주시 서초대로 (정호이박읍),019-085-0094,eungyeonggim@example.com
민현주,01584,인천광역시 양천구 언주806길 (정남서리),031-441-9627,yeongsug04@example.net
최도윤,83102,제주특별자치도 화성시 개포로 (지은김황읍),054-360-7313,bi@example.org
김예원,16409,광주광역시 동대문구 가락98로,052-164-3052,yeongho86@example.org
오순옥,81053,제주특별자치도 서산시 서초중앙가,032-278-5046,gi@example.net
김유진,88804,대구광역시 북구 잠실8가 (정호강리),064-775-1359,seominseo@example.com
이경숙,18506,경기도 청주시 청원구 강남대8가 (지혜김김면),032-579-3123,yeongsun88@example.org
김영호,62108,광주광역시 용산구 테헤란가 (민지문박읍),017-933-3813,myeongja51@example.com
최승현,92443,대구광역시 종로구 개포6가,041-182-9416,seoyeon02@example.net
송병철,75445,서울특별시 마포구 서초대거리,054-939-0222,gimsangho@example.net
김수민,59429,전라남도 보령시 영동대91가 (예지이동),010-4959-5337,yeongmison@example.net
박옥순,02080,서울특별시 남구 봉은사거리 (은서한김읍),010-5517-8555,gimjihyeon@example.org
안민준,82788,강원도 군포시 도산대길 (상훈손읍),02-7141-2754,omyeongja@example.com
박승민,19326,대전광역시 도봉구 선릉459로,052-199-1705,ganghyeonjeong@example.net
최준호,18607,전라남도 부천시 원미구 압구정3길 (지훈박한동),017-106-6976,jeonjunho@example.org
최영식,20744,경기도 홍천군 잠실길 (상훈오읍),070-0306-1839,ggim@example.net
류중수,04896,세종특별자치시 강동구 영동대7로,062-164-7216,mijeong65@example.org
송하윤,74986,광주광역시 성동구 오금길 (상현이박마을),053-137-5440,xjang@example.org
허정식,15600,대전광역시 중구 삼성가 (서현이한읍),041-016-9203,iseonghyeon@example.net
이지영,27245,충청남도 음성군 가락로 (옥순박마을),061-411-9907,seonghyeongang@example.com
강준영,20237,경상남도 수원시 팔달구 학동42길,011-638-5229,hyeonjuni@example.com
이영호,84886,경상남도 수원시 권선구 언주73길,052-196-4316,coejieun@example.org
이정수,01633,대전광역시 영등포구 도산대171길 (예진이최동),033-305-2126,junseoi@example.com
박은주,31277,대전광역시 강북구 잠실75로 (정숙김면),031-623-9546,icoe@example.org
안순옥,35540,대구광역시 서초구 강남대2길,031-270-2833,areum80@example.net
양준영,14606,경상남도 영동군 도산대5거리,033-223-5066,jihugim@example.net
이영희,08440,대구광역시 구로구 서초중앙로,042-029-0435,hyejinyun@example.com
손선영,05338,대구광역시 강동구 역삼가,017-510-2125,gyeongsu40@example.com
김수빈,47848,대구광역시 마포구 서초대567거리,043-593-8948,munjieun@example.com
최예지,31145,부산광역시 관악구 반포대47가 (정순김이마을),041-819-7578,ibag@example.net
김우진,85649,서울특별시 금천구 압구정가,031-922-8711,gimyeonggil@example.com
이영식,69519,광주광역시 중구 반포대287거리 (준서문마을),019-242-7901,jeongsuni@example.com
오영일,81274,대전광역시 중구 논현로 (영자최김리),017-360-7316,yhwang@example.net
최성진,61946,충청남도 청주시 청원구 서초중앙가 (도현김면),031-432-0251,sunogbag@example.net
김지아,03972,충청북도 평택시 개포거리 (상현박동),070-2956-8810,yeweon05@example.net
이서현,81802,강원도 인제군 테헤란길,063-279-2111,caeweonjeong@example.org
이민수,72738,경상남도 양양군 봉은사92거리 (영순손리),053-085-0280,ti@example.net
김상현,81899,충청북도 서산시 서초대58로,041-996-7520,yeongjin53@example.org
홍민준,28693,울산광역시 강남구 삼성602거리,02-4466-3702,fgim@example.org
김명자,09760,경기도 평창군 학동115길,064-767-1317,ugim@example.org
김재호,14892,경기도 성남시 수정구 양재천길,044-086-6276,sunog55@example.net
박민재,69153,강원도 안양시 백제고분길 (수민이동),016-971-1348,seonghungim@example.com
김정훈,52150,인천광역시 중랑구 논현가,016-067-7789,migyeong55@example.net
김아름,38943,광주광역시 남구 테헤란거리 (성호우마을),062-703-6981,suminyun@example.net
최은지,66045,서울특별시 동구 서초대로,044-563-8241,pi@example.net
남도윤,62244,전라남도 청주시 상당구 봉은사길 (미정김면),062-584-5835,vsim@example.com
김하윤,81429,부산광역시 영등포구 석촌호수4가 (예원이임동),062-563-1322,igyeongsu@example.com
강은주,10209,경기도 파주시 잠실로,011-556-1066,xgim@example.com
김준영,87203,전라북도 정선군 서초중앙8가 (상훈이마을),064-745-1659,sugjagim@example.net
김지후,97315,경상남도 평창군 백제고분90로 (수민김동),051-376-1940,sugja62@example.net
황영순,87169,경상남도 과천시 오금길 (중수김황동),016-564-8815,seohyeonjo@example.com
이정자,04088,전라북도 하남시 테헤란634길 (준영주동),055-576-5087,nasunja@example.com
이영숙,36484,대구광역시 서초구 반포대거리,018-645-5073,bagmisug@example.org
강지연,94883,세종특별자치시 중구 반포대98가,033-466-3284,jeongsugson@example.com
강예준,60708,전라북도 여주시 선릉로 (옥자김이동),053-717-7632,yyang@example.com
이하은,57392,전라북도 동해시 선릉1로 (성수장읍),054-899-0438,yeonghyinam@example.net
최지은,32748,광주광역시 용산구 언주912거리 (미영이동),061-737-7542,juyeongsu@example.org
김병철,52943,경상북도 평택시 석촌호수043가 (선영안김동),018-870-5922,ogsungim@example.org
송영순,86274,세종특별자치시 광진구 반포대664가,063-921-3738,seongsucoe@example.com
이영자,24025,울산광역시 성북구 언주800길 (하윤김리),016-222-3029,areum47@example.org
김병철,63980,대전광역시 금천구 영동대길 (영자전김읍),070-1663-6549,seongminson@example.com
이명숙,61283,경상북도 예산군 언주로,010-5287-8305,eunyeong27@example.net
홍은주,95768,제주특별자치도 청양군 도산대7로 (정식진동),031-774-7251,hayun83@example.net
조영진,13864,제주특별자치도 청주시 청원구 서초대9길 (성현양최읍),063-280-5926,yeonghyigu@example.org
손상현,35947,전라북도 군포시 학동06로 (상현박오읍),017-379-3060,seunghyeon70@example.org
이승현,37197,세종특별자치시 북구 잠실길 (미경최읍),033-295-1785,ominseo@example.net
김영자,06584,충청북도 평택시 언주거리,044-242-2831,yeonghyi17@example.net
진민수,76751,부산광역시 중랑구 오금38가,051-677-6023,sanghyeon64@example.org
하영길,52015,광주광역시 구로구 테헤란827거리,011-335-8400,bagogja@example.org
김정순,36696,전라남도 논산시 학동5길 (명숙이김읍),062-467-3331,uryu@example.com
강순옥,91805,인천광역시 종로구 영동대가 (현주김면),042-729-4081,gimminsu@example.net
박정웅,11082,대구광역시 관악구 잠실로,016-512-0647,coeogsun@example.com
김민석,54827,서울특별시 종로구 선릉길,018-930-0799,songseungmin@example.net
최도현,57452,강원도 고성군 오금가,010-1664-9679,ujunhyeog@example.org
오민지,41034,충청남도 양양군 언주3길 (영수김송리),051-430-9060,baeyejun@example.org
배채원,67633,인천광역시 은평구 선릉길 (경수이김마을),052-375-9153,minsubag@example.org
김영식,47227,경상남도 양양군 반포대로 (숙자류한마을),031-020-2123,jongsu16@example.org
김은서,41863,대구광역시 양천구 봉은사거리 (진호김동),054-387-0738,ngim@example.org
조지영,47941,강원도 오산시 석촌호수가 (정자신동),062-208-9650,isanghun@example.net
이상호,84747,경상북도 성남시 압구정로,063-822-6144,hyeonjeong65@example.org
김지은,95271,대전광역시 성동구 봉은사길 (경수이김읍),031-960-4870,gimmyeongsug@example.com
김주원,97601,대구광역시 송파구 오금길 (재호이류면),018-528-4016,jeongsig69@example.net
김민수,44873,부산광역시 서구 압구정길,042-209-5194,jeonghyi61@example.com
이지민,86339,전라북도 부천시 개포길,041-370-9949,jiu52@example.org
김정희,46772,세종특별자치시 동작구 서초중앙가,017-741-2906,juweon47@example.org
이영환,08826,충청북도 수원시 팔달구 서초중앙77로,052-702-3407,gi@example.com
박진우,06499,제주특별자치도 청주시 서원구 서초대거리,062-363-3377,gimsugja@example.net
남준호,02777,대전광역시 동구 역삼거리,032-877-3247,yeongsubag@example.com
장은정,18286,전라북도 하남시 압구정가 (순자이이읍),062-781-3859,junseocoe@example.com
오영미,69056,충청남도 안양시 오금가 (은주권노동),031-831-9058,gimsujin@example.net
차지은,47895,경기도 가평군 역삼거리 (지후김박면),054-564-1241,jeongsugna@example.net
강미정,46075,경상남도 서산시 석촌호수58길 (상현김김면),016-931-3780,baghyeonjeong@example.net
장미영,83350,대전광역시 은평구 양재천10거리,042-934-9872,jungsugim@example.org
양지아,75173,경상북도 춘천시 백제고분112길 (순옥황리),051-080-2358,junseogim@example.org
최혜진,87682,울산광역시 송파구 석촌호수3가 (미영박송리),032-025-0686,ti@example.com
이도현,68959,충청남도 화천군 영동대로,018-704-8911,jeonghunbag@example.com
김민수,20629,대전광역시 남구 도산대6거리,010-1368-7173,yejungim@example.org
박옥자,29097,대구광역시 광진구 학동6로,052-633-2558,yeongil51@example.com
이예진,49009,대구광역시 동구 테헤란060로 (재호황면),043-026-9468,ran@example.net
이재호,24613,충청남도 화성시 서초대3길,02-4078-4475,vgim@example.org
차서영,89312,경기도 단양군 석촌호수길,042-268-0762,seongjinbag@example.org
이민수,05770,세종특별자치시 영등포구 역삼705거리,019-478-4648,dseo@example.org
김서현,49181,제주특별자치도 안산시 상록구 석촌호수6로,044-499-1959,caeweongang@example.net
김성수,52315,충청북도 이천시 언주로,042-458-8532,cgim@example.net
류영순,54107,충청북도 동두천시 압구정7가,055-015-7992,seongminheo@example.net
유정수,79868,전라남도 의왕시 잠실013길 (경희이김읍),019-650-6869,wgim@example.org
이영수,27762,인천광역시 금천구 삼성거리,062-364-7130,jieungim@example.net
이정호,43328,세종특별자치시 서구 봉은사로,033-791-5470,gimhaeun@example.com
한명숙,67303,충청남도 계룡시 테헤란17길 (상호김면),062-105-8363,jeongnam84@example.net
김서윤,34250,광주광역시 관악구 석촌호수7가 (정웅윤리),055-361-5778,seongjini@example.com
손성민,67134,제주특별자치도 안양시 동안구 강남대가,032-907-7076,junhyeoggim@example.net
김예준,20425,대전광역시 마포구 양재천거리 (서준김면),043-924-0339,eunyeonggim@example.net
김종수,38964,서울특별시 노원구 잠실가 (춘자김읍),052-131-5806,gimjeongsig@example.net
김주원,38172,울산광역시 관악구 강남대948가,041-066-6266,jihugim@example.org
김재현,13032,광주광역시 영등포구 논현972가 (중수양동),042-073-5858,ieunju@example.com
김도윤,68640,경상남도 연천군 영동대6길,016-638-0903,yejii@example.net
서재호,63840,제주특별자치도 안산시 상록구 선릉거리,051-849-7519,yeongmigim@example.net
한경희,54451,대전광역시 은평구 역삼거리,044-683-1988,siu44@example.com
나정자,70564,경상북도 파주시 압구정2가 (숙자서마을),055-824-7880,bgweon@example.com
황성수,03513,울산광역시 양천구 서초대90거리 (옥순김최마을),054-918-2283,songdoyun@example.com
송경희,57652,전라북도 용인시 학동거리 (성진이읍),019-787-7724,jeongsiggang@example.net
주상훈,09856,부산광역시 서초구 양재천로 (정순손이리),010-2464-2704,yeonghyijo@example.com
김성진,29288,서울특별시 은평구 오금거리,018-179-2414,jiugim@example.com
박진우,36006,경기도 양주시 잠실93길 (정웅이김마을),02-5699-0128,jinhoseo@example.com
김지후,18128,광주광역시 광진구 가락139가 (명자이리),051-835-4821,ryumijeong@example.org
류은주,22133,부산광역시 강서구 개포6거리,053-810-1968,yeeun97@example.org
한지민,52827,충청북도 수원시 권선구 강남대로 (채원이면),052-707-3247,gimyeongsun@example.net
김지민,89535,경상남도 파주시 논현32길,031-195-0706,eunjeonggo@example.com
신성진,82948,서울특별시 강남구 서초대거리,063-506-0623,junhogweon@example.org
김영수,61970,제주특별자치도 의왕시 압구정로 (정호김한읍),011-803-7897,songjungsu@example.net
박영수,26075,경상북도 부천시 봉은사2길 (중수김마을),011-852-4728,bagseonyeong@example.org
이경숙,04147,충청남도 고양시 덕양구 가락길,053-689-7558,gimhayun@example.com
이은영,04348,광주광역시 동구 테헤란로 (지아홍면),010-2450-5373,junho51@example.net
류도윤,30553,강원도 증평군 서초중앙가,041-732-0714,minji38@example.org
김상현,72185,대전광역시 구로구 선릉가,042-708-9591,gimseonyeong@example.net
양종수,62949,서울특별시 구로구 강남대거리 (서연이마을),054-659-7134,yeeun31@example.com
서상현,91267,경기도 아산시 도산대58거리 (은주오강동),016-663-6824,boraman@example.com
이도윤,66032,대전광역시 중랑구 서초대가 (동현전조마을),042-379-7804,geonu98@example.net
우서준,11073,경상남도 태백시 석촌호수9로 (예지양동),041-928-3546,yejibag@example.org
김은경,11525,인천광역시 강북구 압구정가 (정희이리),053-967-5888,ui@example.com
이영일,59412,경기도 용인시 기흥구 학동길 (민준주읍),010-0297-0863,jeongho34@example.com
김유진,89772,충청북도 청주시 상당구 백제고분354거리,010-4824-1974,gimjongsu@example.com
윤정웅,56572,인천광역시 노원구 강남대길 (옥자고마을),017-783-6284,yeonghyigim@example.com
이경자,53151,전라남도 횡성군 선릉거리,053-353-7438,misug30@example.net
김민재,92532,전라남도 고성군 봉은사1거리,032-559-1799,sugja61@example.com
김진호,82108,경상북도 제천시 반포대15로,070-5135-5281,ri@example.net
김진우,07994,제주특별자치도 서천군 선릉거리,033-292-5277,si@example.com
이중수,52761,충청북도 철원군 가락955거리,033-822-0059,junyeongson@example.com
이시우,89534,경상북도 평창군 언주가 (승현김면),070-2767-4358,yeongmi33@example.com
김지아,73971,경상남도 청주시 청원구 반포대가,043-337-4357,wbag@example.net
배민준,16461,인천광역시 구로구 테헤란872로,018-428-2741,yeongjagim@example.net
이지민,95666,경상남도 고성군 영동대길,051-767-7965,jeongsu34@example.org
박주원,32775,인천광역시 남구 압구정로,061-050-8417,yunseogweon@example.net
최순자,77897,부산광역시 도봉구 강남대로 (미영김조마을),051-718-8170,ki@example.org
정예진,22833,경상남도 포천시 가락75로 (정남장허리),02-2026-2670,jeonghun05@example.net
홍종수,27962,충청북도 화성시 도산대로,044-812-8636,minjaebag@example.net
노도현,47813,경기도 부천시 원미구 잠실로 (동현김최마을),010-7740-1581,hongeunji@example.org
김예지,95877,인천광역시 양천구 개포거리 (민수김리),070-5760-2503,bagyujin@example.org
최미정,97643,대구광역시 성북구 논현8길 (유진김동),064-773-6345,nbag@example.org
서민지,27974,경기도 오산시 서초중앙로 (상훈송리),041-170-6965,hyeonji36@example.com
유정남,34816,경기도 안산시 상록구 서초중앙664길,062-310-8430,mijeong19@example.net
한은주,13719,대구광역시 송파구 가락42길,052-773-0699,hbae@example.com
박선영,73054,대구광역시 마포구 석촌호수60가 (경희양강리),010-0511-7014,baeminji@example.com
최은정,00736,세종특별자치시 용산구 학동길,018-493-9528,geonubag@example.org
황동현,17167,세종특별자치시 금천구 논현가 (예지박김리),055-767-7170,qgim@example.net
김상호,26134,인천광역시 동구 서초대2거리 (영진강박마을),017-268-0655,jihyeonson@example.com
박도현,94843,울산광역시 도봉구 석촌호수거리,051-183-9971,hongjunseo@example.com
백건우,32771,전라남도 홍천군 반포대가,02-2160-0269,eunjunam@example.com
박경수,80425,세종특별자치시 북구 영동대922길,061-516-0308,ijeonghun@example.org
김도현,61035,전라북도 속초시 도산대가,070-7879-7656,ii@example.net
김동현,70751,세종특별자치시 동대문구 삼성826길,043-359-3212,sujingim@example.com
이미정,80603,제주특별자치도 부여군 삼성로 (중수송윤면),055-531-7630,gimsumin@example.com
이미경,46953,대구광역시 영등포구 테헤란거리 (시우박동),043-217-7473,jiyeong51@example.org
김민수,49049,대구광역시 강남구 역삼가 (승민이면),051-564-1510,scoe@example.org
윤숙자,02824,전라남도 성남시 중원구 반포대2로 (수빈강리),062-156-8711,seoyeong22@example.net
서광수,46215,서울특별시 동작구 서초중앙237로,051-613-9300,dan@example.org
오예은,64281,대구광역시 관악구 반포대61로,054-492-9727,tgim@example.net
김민석,32353,인천광역시 노원구 삼성거리,053-347-0089,ei@example.net
홍순자,73753,대구광역시 광진구 언주9로 (서연김문동),062-089-3032,iyeonghyi@example.com
차옥자,64454,부산광역시 성동구 삼성거리 (재호김동),031-505-8559,gwagsanghyeon@example.com
김은정,16402,경기도 포천시 압구정가 (서준김면),070-0289-8796,siugim@example.net
윤성훈,93492,전라북도 안성시 역삼04길,02-7401-3554,gohyeonjeong@example.org
김상현,44946,인천광역시 동작구 압구정가 (진우김이마을),042-057-3953,hyeonsug77@example.net
홍아름,11615,대구광역시 종로구 개포910길,054-731-5196,eunseo59@example.com
송영식,58153,경상남도 증평군 개포가,043-817-7060,ugim@example.net
홍상철,19158,광주광역시 북구 서초대로,042-359-8813,ijia@example.org
이지은,27777,경상남도 수원시 장안구 양재천거리,041-451-7288,xi@example.org
이하윤,45691,대전광역시 동작구 석촌호수거리 (지원김리),063-433-4058,eunjeong11@example.org
황예원,61162,세종특별자치시 동대문구 서초중앙83로 (우진안동),031-962-4730,seonyeong18@example.net
윤지후,53209,대구광역시 동대문구 서초중앙거리 (도윤문서읍),051-483-2314,anhaeun@example.net
박지현,24886,서울특별시 강서구 테헤란4거리,011-435-4992,yeonghyii@example.net
김예은,12110,인천광역시 북구 가락10가 (순옥송곽마을),011-304-3192,sangceol96@example.net
전지현,84287,충청남도 아산시 테헤란길,041-798-2454,gimjihu@example.org
김영자,32930,서울특별시 노원구 삼성로,070-2538-3258,jinucoe@example.org
이미숙,05826,전라남도 오산시 역삼3가,064-725-3431,jangeunjeong@example.net
최현준,96549,경기도 천안시 동남구 서초중앙12가,010-2645-7357,jiweonjang@example.org
오명자,72936,대전광역시 강서구 선릉로,019-424-6180,hyeonjunam@example.org
강지영,24291,광주광역시 성동구 삼성3길 (은영한동),011-386-0127,eunjeong05@example.com
배승현,09973,세종특별자치시 강남구 학동길,063-468-4048,jihunryu@example.org
김성수,37483,인천광역시 동구 백제고분498거리,061-572-8709,jgim@example.net
김지우,75492,대구광역시 성동구 잠실길,062-503-7899,ni@example.net
최정웅,00806,대전광역시 서구 선릉98거리,052-859-5556,seojeongsig@example.net
이정호,07918,대전광역시 강북구 잠실거리 (병철박강읍),017-555-2730,mno@example.com
최지원,34214,경상북도 시흥시 선릉로 (지은장김마을),063-201-6706,ygim@example.net
박지훈,30966,강원도 성남시 잠실47가,033-584-5317,bagjaeho@example.org
김상철,23804,경기도 수원시 장안구 양재천58로,010-5633-2714,hyeonjunbag@example.com
권현지,67367,충청남도 충주시 강남대62길 (성민최동),064-709-1172,najiu@example.com
임승현,40861,울산광역시 송파구 반포대거리,017-782-7206,junho87@example.com
박명자,57742,충청북도 정선군 선릉거리,032-946-8733,yeongja11@example.net
허서영,39828,충청남도 영동군 양재천가,064-733-7074,doyun98@example.com
홍종수,03603,경기도 춘천시 가락길,070-8183-5747,jiabag@example.com
김준혁,85967,인천광역시 남구 개포거리,053-675-6653,gyeongsu46@example.org
류지은,16794,경상북도 단양군 도산대449길,062-176-7153,gyeongsubae@example.net
최상철,51470,울산광역시 금천구 잠실11로 (정식최김마을),017-886-6486,yeongho50@example.net
박진우,43909,강원도 양양군 반포대로 (서연김마을),070-4026-4171,hgim@example.net
이영수,79287,울산광역시 용산구 봉은사90가 (경수김면),043-563-0303,junyeong16@example.org
이건우,35953,세종특별자치시 서구 테헤란가 (중수윤최면),044-011-6417,juweonsong@example.net
김건우,00823,서울특별시 중구 서초중앙5거리,044-603-4923,yunjeongsun@example.com
김승민,03144,인천광역시 도봉구 삼성168거리,018-845-4921,tgim@example.org
이영진,27753,경기도 제천시 오금94거리,063-170-7580,hyeonsug36@example.net
안미영,48682,제주특별자치도 천안시 서북구 테헤란6로,041-062-3085,ki@example.com
김지은,02486,대전광역시 노원구 강남대7길,033-648-6801,songsanghun@example.com
최현우,19889,인천광역시 양천구 서초중앙길 (명자오리),031-820-2617,eunju37@example.org
백준혁,79962,인천광역시 강남구 강남대545거리 (아름강홍리),063-446-4640,rgim@example.org
강중수,71431,대전광역시 서대문구 반포대로 (순옥안류읍),042-639-2378,seohyeonyun@example.com
김예진,34673,울산광역시 성북구 백제고분가,061-887-7224,egim@example.net
이민수,22524,경기도 고양시 덕양구 오금419거리 (하윤박박동),033-294-4297,jeongungjang@example.org
황예원,16690,충청남도 양평군 잠실거리 (정훈한읍),041-173-0127,yeongsuggim@example.net
김상호,16143,대전광역시 서초구 선릉5가,017-102-4531,ihyeonsug@example.com
최서윤,13033,경기도 청주시 흥덕구 압구정280길 (병철안이마을),018-116-7919,coeyeongmi@example.org
김영순,99172,서울특별시 송파구 백제고분길,016-267-9231,jungsunam@example.org
박광수,74960,경상남도 성남시 압구정310로,063-235-4005,sujini@example.com
문지연,89374,서울특별시 은평구 선릉587길,062-928-4595,jiweon08@example.net
박상철,54879,경상북도 고양시 반포대가,043-004-4248,igim@example.net
김은경,37885,전라북도 이천시 반포대로,044-345-6864,junhobag@example.net
김은주,46175,서울특별시 서대문구 도산대13길,055-039-7937,migyeongi@example.com
최보람,40996,서울특별시 송파구 잠실거리,031-088-9921,seohyeonbag@example.com
민재호,90268,제주특별자치도 태백시 서초대길,053-976-0331,seonyeongi@example.com
최성훈,21711,세종특별자치시 도봉구 봉은사68거리,061-197-0071,minji90@example.net
박상호,08346,광주광역시 영등포구 역삼8거리,017-313-3562,minjeongho@example.net
이은경,25695,인천광역시 종로구 가락거리,010-3535-1617,seunghyeonbag@example.net
양경자,77373,경상남도 당진시 서초중앙로 (예지김리),010-8415-8128,xi@example.org
김서준,46340,전라남도 파주시 봉은사218로 (영진박마을),044-403-5628,kbag@example.org
김건우,05380,광주광역시 동구 압구정849로,070-8956-9831,isumin@example.com
양승현,43254,부산광역시 서초구 백제고분456길 (준서김박읍),010-9386-6552,junseosong@example.net
김은지,39871,서울특별시 관악구 백제고분016길 (미숙장박면),064-798-9466,bageunju@example.com
성예준,78369,충청북도 청주시 흥덕구 도산대8거리,063-930-3856,seoyun59@example.net
이보람,73480,광주광역시 용산구 도산대593가 (영희차김마을),02-4926-2120,yangeunjeong@example.net
김준영,20058,부산광역시 도봉구 양재천8거리,032-377-9433,sunja78@example.net
김옥자,91841,충청남도 횡성군 서초중앙가,02-7649-1960,donghyeongweon@example.com
김채원,66815,울산광역시 마포구 잠실64로 (지우이김마을),052-740-1719,bo@example.net
이상호,00264,충청남도 예산군 역삼606길 (윤서윤홍읍),063-607-0484,bagsangho@example.org
이은지,97218,경상북도 부천시 오정구 강남대로 (지원이읍),019-661-7597,minjae16@example.org
강영호,28658,제주특별자치도 청양군 서초대57길 (정수나동),02-8160-3247,coejeongnam@example.com
이경희,72842,충청북도 아산시 강남대1로,02-9640-5678,sunjabag@example.net
서지후,76930,광주광역시 중랑구 잠실9로 (혜진김마을),016-770-8390,sanghun77@example.org
김민석,39506,충청북도 고양시 일산동구 반포대길,032-528-7667,ogja35@example.org
박예원,00397,부산광역시 동작구 강남대로,011-258-8406,baegseoyeon@example.com
이정자,18509,제주특별자치도 파주시 테헤란가 (명숙이동),016-275-5311,gimhaeun@example.com
류준혁,75947,대전광역시 관악구 강남대길,010-0231-7919,ggim@example.net
류정훈,49365,대전광역시 중구 영동대길,061-162-9626,ubag@example.org
허성훈,64457,경상남도 천안시 동남구 오금로,016-074-8697,igang@example.net
이예준,41397,부산광역시 성북구 삼성가 (수진이김읍),02-5528-4540,gimjihu@example.com
최혜진,38769,전라남도 수원시 장안구 잠실길 (경희강배리),063-610-2440,eunjeong67@example.net
황도현,10644,부산광역시 광진구 도산대46로,017-601-0749,yeongmimun@example.com
김유진,96291,대구광역시 양천구 압구정00길,070-3401-4734,dohyeongweon@example.org
박성현,38760,세종특별자치시 서대문구 양재천가,063-941-3486,yeongmijeon@example.net
김영순,58994,대전광역시 동작구 영동대532거리,052-901-8496,juweonseo@example.org
권정자,54897,부산광역시 마포구 삼성거리 (영철박김리),018-114-1068,eomjihu@example.net
안미영,21099,서울특별시 강서구 도산대753거리 (현지김이동),02-7100-8641,seoyun21@example.net
김성민,00138,경기도 안양시 만안구 역삼거리,018-797-3036,siu99@example.org
이현우,49955,부산광역시 금천구 선릉027가,062-078-8432,ijihun@example.com
박영일,53314,전라남도 철원군 백제고분로,054-222-4293,yeongsubag@example.net
안성수,45534,전라남도 구리시 개포로,053-346-0249,coejinu@example.org
서서준,86764,강원도 횡성군 역삼길 (현준이읍),041-684-8238,minseoi@example.com
장미경,96062,서울특별시 강북구 반포대45길,064-796-6483,seojunjang@example.org
김민석,56500,대구광역시 강서구 삼성길 (은경홍동),055-332-9276,gimseongsu@example.org
이상현,38003,세종특별자치시 서구 백제고분로 (은주이리),017-725-1320,egu@example.org
장경자,62960,전라북도 동해시 도산대길,044-038-8846,kgim@example.com
이우진,34917,인천광역시 구로구 삼성가,051-613-4239,dsong@example.org
조채원,00455,광주광역시 관악구 삼성351가,044-040-7895,jaehogim@example.org
서성수,46940,전라북도 부여군 선릉1길 (서준장김읍),017-548-1667,jiyeoncoe@example.org
김지현,24197,경상남도 안산시 상록구 언주길,061-220-7646,minsuo@example.com
김영자,20617,충청북도 성남시 분당구 압구정4길,051-359-5953,fsong@example.com
김하은,88411,서울특별시 강동구 도산대7거리,043-682-5991,khan@example.net
최선영,49793,세종특별자치시 광진구 백제고분거리 (지원이읍),053-706-0635,qi@example.net
박정남,11578,경상북도 남양주시 양재천거리 (미경최동),017-557-5410,jihyebag@example.com
김상철,76927,광주광역시 동작구 선릉로 (지원이장마을),041-251-8323,jihyeon65@example.com
김채원,90469,광주광역시 동작구 반포대42거리,044-418-7368,ihyeonu@example.org
홍은경,54222,충청북도 강릉시 테헤란길,017-267-3971,jeonghun43@example.com
김승현,51483,인천광역시 도봉구 학동574로,042-927-1597,eungyeongi@example.net
이병철,06925,광주광역시 동작구 서초대223거리 (준서최면),052-425-9527,igim@example.org
이옥순,66080,서울특별시 강동구 선릉로 (상현김리),055-347-5657,jeonghun83@example.net
조순옥,23188,경기도 고양시 일산서구 봉은사거리 (민석허리),055-487-6796,seoyeongsug@example.net
심영식,26944,전라북도 단양군 오금길 (준영배주리),054-595-8203,fgim@example.org
박민준,72395,강원도 보은군 도산대가,011-233-0930,abag@example.org
윤승민,98297,서울특별시 북구 양재천길,041-129-1988,vbag@example.net
윤성현,01029,대전광역시 양천구 석촌호수가,010-8177-3184,seongmingang@example.org
윤서현,29466,인천광역시 종로구 압구정길,018-514-1003,hyeonjun65@example.org
이재호,78444,대구광역시 남구 서초중앙02가 (지민임장리),062-261-0249,pgim@example.net
김춘자,38662,충청남도 고양시 덕양구 석촌호수거리,054-932-0797,jeongnam09@example.net
이서윤,93230,경상북도 수원시 도산대가 (영숙박김읍),063-303-7119,ki@example.com
문진호,70534,서울특별시 성동구 논현38길,042-376-9053,eunji16@example.com
박미정,72714,인천광역시 마포구 개포거리,053-969-9866,seoyujin@example.com
김영순,16003,대구광역시 동대문구 학동57거리 (영미이면),042-050-0253,ggim@example.org
김영호,54963,광주광역시 동구 서초대71로,052-171-3155,jeongsig05@example.com
유진우,41978,세종특별자치시 관악구 선릉거리 (미영김정면),032-048-5174,seungmingim@example.net
오정희,55864,전라북도 과천시 개포6가,033-020-4483,hyejin51@example.net
이서준,79453,부산광역시 영등포구 테헤란거리 (진우이동),051-328-2486,ieunjeong@example.net
강영길,82182,경상북도 군포시 서초대로,032-867-9739,sangceolgim@example.net
김광수,74543,대전광역시 강서구 서초대33거리 (도현김송리),016-882-2226,gimgyeongsug@example.org
김아름,07161,제주특별자치도 안성시 반포대951길,043-231-6093,junho25@example.com
남정남,65693,세종특별자치시 금천구 압구정길,018-967-3233,seoyeon57@example.com
강지후,11997,광주광역시 송파구 테헤란943거리 (성수이김리),010-6661-4886,jiweon70@example.com
홍수진,82729,광주광역시 동작구 선릉063가 (수빈이박마을),02-8136-4844,imyeongsug@example.com
성승현,99542,전라북도 과천시 반포대거리,062-961-4419,gimgyeongsu@example.net
이정식,86430,서울특별시 강남구 역삼71길,031-938-1088,hyeonjugo@example.org
서영진,40802,경상남도 양평군 테헤란로,061-225-1089,hongdoyun@example.com
박수진,96330,경상북도 여주시 영동대15가,052-818-0404,jinhoi@example.net
박경자,43708,서울특별시 강남구 삼성9길 (지아김마을),032-364-0595,wseo@example.org
이민서,77039,울산광역시 은평구 언주48길 (혜진이면),019-851-4221,vsim@example.net
강동현,33184,전라남도 아산시 선릉526로,010-7964-2764,gimyeongsug@example.com
이미경,19119,서울특별시 금천구 영동대거리 (영미민이면),062-278-8861,jinho50@example.com
김미경,42311,충청남도 청주시 서원구 논현거리,02-1526-3405,haeunbag@example.net
김준호,59204,부산광역시 강북구 논현990길 (정희오조동),070-7600-4135,misugsong@example.org
김승현,05380,전라북도 충주시 영동대560가,016-169-5560,baeyejin@example.org
박예진,90994,충청남도 동두천시 봉은사로,017-250-9828,seoyunseo@example.org
정서윤,33009,충청북도 철원군 잠실02로 (도윤김이동),063-265-4808,rcoe@example.net
권영환,65236,충청남도 포천시 테헤란3길 (춘자김동),043-265-2409,baeyeongsu@example.com
강영순,31102,부산광역시 동구 언주29길 (지혜고동),063-329-5615,jinuhan@example.net
황상호,91696,울산광역시 관악구 오금864거리 (경숙권오리),061-910-2948,igim@example.net
이민준,23901,경기도 강릉시 강남대가 (서윤최면),033-558-8877,ycoe@example.net
이진호,00937,대전광역시 마포구 오금로 (현준김성읍),054-341-2224,gimjihu@example.net
송옥순,75691,경기도 화성시 가락233로 (영순김윤동),052-106-4833,gimjeongho@example.org
이상철,47380,세종특별자치시 양천구 가락길 (미영홍면),061-029-6345,junseo57@example.net
최은정,51553,광주광역시 용산구 압구정길,062-435-8895,jeongung99@example.net
김진호,91332,강원도 계룡시 오금7로 (은지김동),033-120-0830,bagjuweon@example.org
이도윤,26378,강원도 증평군 개포로,062-425-1114,sunog66@example.net
이수진,42979,전라남도 영월군 삼성379길 (은지김심면),043-952-3959,yeongceol23@example.org
정미정,41762,충청북도 광주시 삼성796거리,053-732-2693,ganghaeun@example.org
류광수,17169,대구광역시 영등포구 잠실34길 (영수김박리),016-636-1308,yunseojun@example.com
김은지,22547,세종특별자치시 송파구 개포84로,043-719-5822,jeongunghwang@example.org
이영길,43545,서울특별시 북구 양재천704로 (병철이박읍),043-537-6022,eunseo37@example.net
최하윤,86762,인천광역시 구로구 오금길,032-773-4286,jieunbag@example.org
문지은,28150,경상북도 고양시 일산동구 역삼가 (병철장김동),070-3712-5012,gyeonghyijo@example.net
김서윤,68151,충청북도 철원군 선릉가 (민재이동),070-6635-7280,jiyeong54@example.com
이숙자,68600,충청북도 양양군 학동거리,061-106-2588,gangsugja@example.com
이영철,36853,강원도 서산시 강남대거리,031-822-8570,yejinhan@example.net
우승민,81031,광주광역시 성북구 논현2길 (하은이최동),041-011-1430,eungyeong22@example.com
이진우,99210,울산광역시 용산구 언주53가,02-4122-1703,jgwag@example.com
김시우,77283,울산광역시 남구 선릉거리 (영호김장마을),041-921-2239,jeongnam19@example.net
권준호,88915,충청북도 청주시 흥덕구 양재천로,02-9475-3362,gimyeongjin@example.com
김민재,45457,울산광역시 구로구 학동28로 (동현강면),031-963-0464,gimyeongja@example.net
전현주,75508,전라북도 음성군 개포9거리 (도윤서마을),011-665-5437,jeongsiggim@example.net
우지원,90999,대전광역시 성북구 가락41길 (진우임이읍),055-345-3410,seohyeoni@example.com
최은지,71585,대전광역시 영등포구 가락28거리 (영희김마을),011-110-6154,jihungweon@example.net
김숙자,78978,경상북도 고양시 일산서구 서초대길 (순자황박마을),061-186-7405,sinyeongsug@example.com
이성진,85419,경기도 의왕시 석촌호수길,055-577-7187,jangjunyeong@example.com
송병철,42434,경기도 철원군 삼성623로,044-966-4015,jgim@example.com
차옥순,84368,대전광역시 광진구 영동대가 (지혜박읍),052-547-3815,myeongjacoe@example.net
김영숙,11797,세종특별자치시 서대문구 백제고분거리,010-3434-1790,vi@example.org
이주원,55489,경상북도 과천시 가락1로 (현우김김리),018-205-3576,seonghun03@example.org
김경자,45078,경상북도 옥천군 오금84거리,070-0669-1926,misug50@example.net
최수빈,77694,서울특별시 노원구 영동대37길 (수민김면),011-097-8844,yeweon87@example.org
강현주,44352,제주특별자치도 부천시 원미구 서초대로,064-757-6559,ujinsong@example.net
박민준,89989,세종특별자치시 동작구 삼성길,032-343-0076,ujincoe@example.org
김은경,58116,경상남도 홍천군 도산대47가,016-462-9420,eunseo03@example.com
김혜진,06519,강원도 강릉시 봉은사5거리 (정훈한황면),051-742-6662,seunghyeon75@example.net
조종수,40079,인천광역시 광진구 오금거리,010-7800-0937,migyeongyang@example.com
백지영,10548,대전광역시 구로구 선릉7길 (영수김권마을),011-947-5959,eungyeongi@example.com
김정희,82223,광주광역시 동대문구 테헤란15로 (병철김권마을),044-204-8667,li@example.com
이현주,36109,세종특별자치시 도봉구 강남대091로 (영숙이이읍),02-9250-0726,hyeonjeonggim@example.net
정진호,97986,부산광역시 서대문구 석촌호수길 (옥자문읍),032-398-2038,dbag@example.org
김진우,94365,대구광역시 광진구 반포대로,044-526-3952,yeongsugbag@example.com
권서준,70942,경상북도 용인시 압구정8거리 (지아이김동),055-752-1475,rsong@example.com
홍상호,06417,대전광역시 구로구 도산대길,02-2801-8509,jeongungsong@example.org
김윤서,39351,제주특별자치도 남양주시 오금205가,010-6619-3805,yeongilyun@example.net
정현주,10571,울산광역시 강서구 오금26로 (지후김김읍),043-578-7240,jongsu75@example.net
김재호,69715,인천광역시 서구 언주918로,032-894-5166,gangeunjeong@example.net
김승민,87029,서울특별시 중랑구 언주거리,018-748-1722,yeonghwanhan@example.org
구정훈,80701,부산광역시 강서구 개포7길 (지민이마을),02-2964-1304,jaehohong@example.com
이동현,19143,전라북도 부천시 오정구 오금거리 (예준문이마을),018-702-6863,myeongjagweon@example.net
박혜진,70484,제주특별자치도 성남시 양재천11길 (현주류리),054-791-7278,yeongmian@example.com
박순옥,03307,강원도 평창군 석촌호수965거리,043-278-5127,muneunjeong@example.net
박정남,72318,울산광역시 강남구 영동대51길,063-154-4050,jihyeonhan@example.net
송성수,54799,강원도 의왕시 서초중앙54로,02-0588-1438,angwangsu@example.net
김지은,79569,강원도 동두천시 도산대8거리 (진호박이리),016-564-6836,juweon68@example.net
최지후,88259,전라남도 청주시 청원구 석촌호수길,055-767-6582,gimeungyeong@example.org
장지현,21093,충청북도 안산시 서초대8로 (민준황면),054-683-4198,seoyeonca@example.com
문서현,62066,광주광역시 성북구 잠실387거리 (서연박고동),010-5651-1720,minjae48@example.com
이재현,86037,울산광역시 북구 테헤란로 (은경김윤면),016-419-1725,gyeongsug05@example.org
남정식,54574,울산광역시 동대문구 삼성650길,018-633-5859,jeongnamjang@example.net
윤건우,16489,전라북도 가평군 양재천로,061-890-3940,hyun@example.org
김정식,50127,경상북도 의정부시 논현9거리 (은영황최리),031-641-9429,gimgeonu@example.org
심민수,98955,광주광역시 강서구 도산대846거리,055-363-8348,fgim@example.net
남재호,36333,전라북도 춘천시 역삼0길,019-471-0639,tgim@example.org
이현주,87507,부산광역시 성북구 삼성로,055-181-0082,yunseo08@example.com
백승민,40718,충청남도 괴산군 양재천285거리 (윤서심동),061-413-3271,iyeongjin@example.net
김미영,82930,대전광역시 중랑구 잠실거리 (성수장동),032-892-4514,aan@example.com
안혜진,28364,서울특별시 동대문구 개포길 (지아주김리),052-019-1336,yeongsu52@example.org
최재현,81271,경기도 금산군 개포거리 (윤서이마을),017-257-5959,ujingim@example.com
서아름,47937,광주광역시 성동구 역삼로,062-897-2630,gyeongsui@example.net
장경수,55368,강원도 횡성군 역삼길,054-385-5398,yeonghyi52@example.org
박정훈,32571,대전광역시 구로구 가락1가,010-2638-9339,gimyeongsun@example.com
이성민,30950,경상북도 광주시 개포5길 (재호이박면),033-328-9573,bageunseo@example.org
박미영,50226,대전광역시 마포구 강남대로,019-927-2931,sgang@example.org
김민지,58086,제주특별자치도 안양시 만안구 압구정59거리,070-0505-8705,gyeongsugim@example.com
박은정,04153,경상북도 부천시 원미구 학동로 (준서이서마을),044-236-0667,areum45@example.org
한승민,81872,인천광역시 광진구 선릉63거리,054-331-1564,ogim@example.org
안현주,90907,제주특별자치도 고양시 일산서구 선릉거리,044-496-1889,jinuson@example.com
차동현,76121,대구광역시 도봉구 석촌호수가,016-610-6527,junhyeog18@example.net
김경자,35648,전라남도 하남시 개포43거리,062-833-1008,ogweon@example.com
고은영,82096,대전광역시 마포구 백제고분길 (지혜서서읍),031-293-3792,jungsubag@example.net
박예원,17382,전라북도 고성군 선릉로 (현정신류면),052-177-5045,sanghun92@example.net
곽준혁,49203,전라남도 이천시 삼성거리 (예은김이마을),016-712-6669,gimsugja@example.org
이유진,68410,충청남도 증평군 압구정1거리 (숙자이양리),010-2142-3391,bagjihye@example.net
박예준,01785,대구광역시 성동구 봉은사길,010-0327-8302,ei@example.net
권현숙,11682,부산광역시 영등포구 테헤란083길,043-282-1907,jiweoncoe@example.org
조영숙,48443,부산광역시 금천구 가락484로,052-274-1716,jeongjiyeon@example.org
김영희,45276,부산광역시 강서구 서초중앙가 (정희최동),032-425-7738,sumin48@example.org
윤영수,66590,경기도 인제군 역삼로 (재호한동),011-324-7584,eunyeongmun@example.org
박영철,15720,경상남도 오산시 역삼70거리,070-5181-6868,yejinbag@example.net
김도윤,85825,울산광역시 강서구 서초대가 (우진김박리),044-732-1492,sugjagim@example.com
나명숙,56754,울산광역시 용산구 서초중앙로 (영자권마을),016-502-0836,jihyei@example.net
송영길,02540,광주광역시 양천구 강남대가,031-017-8229,sugja13@example.net
김하윤,64196,광주광역시 구로구 테헤란거리,064-791-7656,yungyeongsug@example.com
김광수,13127,경상북도 하남시 가락길,062-738-5707,yeongsuhwang@example.org
황서현,76454,광주광역시 금천구 개포로,061-047-7040,yeongceolcoe@example.net
한수진,99221,광주광역시 성북구 도산대514거리 (서연이박마을),055-788-1672,gimyunseo@example.net
류광수,22459,제주특별자치도 춘천시 도산대69길,064-756-9451,ebag@example.com
김서영,08599,제주특별자치도 계룡시 양재천3거리 (옥순안김면),061-839-9467,jiyeon56@example.net
고종수,29839,제주특별자치도 진천군 영동대98로 (현주김읍),041-997-2947,hyeonu68@example.net
김영순,15589,서울특별시 중구 학동길 (민지신리),032-923-5814,oi@example.org
손예원,64911,전라남도 남양주시 압구정로 (상철박조읍),052-247-5733,hyejingim@example.net
박미숙,87242,제주특별자치도 부천시 소사구 압구정988가,042-620-1588,vgim@example.org
문지은,03461,대전광역시 중랑구 압구정8로 (순자조읍),033-421-8452,yunjeongnam@example.org
우예원,29787,대구광역시 은평구 가락330가 (상호이이면),017-768-6569,yeongceolgim@example.net
홍미경,72948,서울특별시 금천구 석촌호수79거리,032-338-8644,yejini@example.net
이승현,02881,전라남도 당진시 영동대620로,031-677-2729,yunseo25@example.net
박준영,64612,경상남도 양주시 삼성로,032-870-2686,qan@example.net
박아름,28032,경기도 군포시 도산대길 (영순이박읍),064-707-9934,joeunji@example.com
이성진,24851,부산광역시 도봉구 석촌호수길,070-0758-0921,pgim@example.net
김건우,29132,전라남도 정선군 양재천거리 (서윤한마을),053-213-2180,seojun87@example.com
이성호,82749,경상북도 김포시 봉은사길 (지혜박면),043-270-5862,jiu28@example.net
이상호,81939,충청남도 수원시 팔달구 강남대로,033-485-6061,lyang@example.net
서민수,22673,강원도 서산시 봉은사거리 (정훈안이읍),044-751-2479,seoyeongim@example.net
이준호,63033,경상남도 연천군 학동7길 (서준안김읍),055-301-8055,jeonghuni@example.net
김종수,74547,전라북도 아산시 선릉3길,017-476-3371,gimjeongnam@example.net
김은정,00317,전라북도 청주시 상당구 양재천12거리 (성현강최읍),064-710-8433,jiyeong77@example.org
김현준,70034,충청북도 증평군 삼성32로,017-321-6537,jieungim@example.org
고상훈,36065,인천광역시 양천구 잠실7로,041-921-0882,myeongsughong@example.org
이지아,88108,서울특별시 종로구 강남대53가,053-452-2627,yejii@example.com
김서영,43503,전라북도 태안군 서초중앙499가 (병철주마을),031-745-8778,yeongsuggweon@example.com
조도윤,03281,부산광역시 서구 언주로,062-807-5903,lgweon@example.com
이영미,74250,서울특별시 관악구 가락44거리,016-788-0799,pgim@example.net
이민석,64858,광주광역시 성동구 압구정가,052-372-7364,jeongyujin@example.org
김지혜,13521,충청북도 부천시 오정구 석촌호수로 (상현김마을),011-281-2858,jiyeongang@example.org
배서윤,49850,제주특별자치도 동두천시 반포대058길,033-777-8665,hyeonsugcoe@example.com
김병철,51712,서울특별시 종로구 서초대78로,052-158-5218,hyeonjeongi@example.com
이서영,11170,충청남도 단양군 삼성0길,061-542-3157,si@example.com
이정호,23887,전라남도 서산시 백제고분044로 (예은황김마을),061-281-8807,yeongil75@example.com
최지우,66644,세종특별자치시 노원구 선릉길 (명자송박면),031-926-4892,caeweon64@example.net
김성호,90361,서울특별시 성동구 양재천3로 (준영김이면),02-9651-7721,jieungim@example.com
김지영,79838,세종특별자치시 강서구 봉은사거리 (영순이이면),052-518-6656,seoyeongca@example.org
김지현,15713,충청북도 음성군 도산대8로 (수민김김면),053-817-6798,minji45@example.com
장지아,50469,충청남도 과천시 언주00거리 (지연오김면),032-221-7108,usin@example.net
심예원,49006,울산광역시 강동구 오금326길,019-513-3910,dbag@example.net
강성수,35022,대전광역시 관악구 논현447길,017-539-2782,yeongsugbae@example.net
김예준,83534,세종특별자치시 종로구 서초중앙3거리 (지영이김면),031-764-5769,seojun59@example.net
이지혜,54968,전라남도 수원시 장안구 압구정거리 (정웅백김읍),062-019-1922,hyeonjiseo@example.org
장준혁,40154,대구광역시 남구 반포대길,070-0931-4784,myeongsug66@example.com
최영순,64184,울산광역시 송파구 학동242로 (은주송김읍),054-818-0965,seominsu@example.net
김영수,04679,경기도 안산시 오금거리 (은지최이리),033-169-6837,fgim@example.net
류시우,35939,전라남도 영동군 언주4로 (정식김이리),016-682-4540,yujin93@example.org
김미영,98616,충청북도 오산시 서초대046가,031-321-8735,fbaeg@example.net
이정순,29326,경기도 연천군 반포대로 (예준최마을),041-333-1680,ujingim@example.com
지아름,82503,서울특별시 영등포구 봉은사로 (경수박김면),041-556-6801,mhan@example.net
심영호,80797,전라북도 부천시 소사구 오금거리,053-406-7251,hbag@example.net
양은주,41439,서울특별시 종로구 서초대로,062-634-4490,donghyeoni@example.org
구정식,37522,대구광역시 광진구 논현1로,061-484-7250,hyeonjibag@example.org
이시우,29501,전라남도 성남시 분당구 가락8길 (정호김면),052-808-0592,ijunyeong@example.com
임서준,62569,부산광역시 구로구 가락길,052-410-9938,jeonghogwag@example.org
고승민,50873,충청남도 보령시 언주4가 (예진조지마을),052-981-4426,wgim@example.org
권현정,83725,충청북도 예산군 서초대17로,052-898-5238,mbae@example.com
김민준,86093,울산광역시 종로구 언주길,016-778-4101,ocoe@example.org
이예준,55021,부산광역시 동대문구 언주2거리 (선영박면),062-134-7026,gimujin@example.net
안현우,02868,대전광역시 동구 반포대401거리,017-901-1659,ogsunan@example.com
우민준,74759,강원도 성남시 분당구 잠실길,016-491-7283,rjeong@example.com
박승현,98577,울산광역시 금천구 강남대2길,011-096-6891,ocoe@example.com
박재현,74720,울산광역시 동구 삼성가,054-290-3883,ijang@example.com
김준호,68177,충청남도 청주시 서원구 서초대7로 (예원이이리),011-435-0904,hyeonjeonggim@example.net
양지원,53411,광주광역시 중랑구 봉은사로,011-028-5893,gimjaeho@example.org
구명숙,60989,대전광역시 종로구 언주5거리,061-780-9641,sugja69@example.net
곽예진,60920,제주특별자치도 구리시 언주길,044-380-2468,hyeonsug78@example.com
최정남,82005,세종특별자치시 종로구 석촌호수5거리 (민석손리),042-237-9122,gimjinho@example.org
박영일,43777,충청북도 부천시 소사구 오금578길,041-443-9695,areumcoe@example.org
이정식,75685,대구광역시 서초구 테헤란거리,032-560-2666,yeongjingim@example.com
박지현,09720,충청남도 증평군 영동대로 (주원문주리),051-721-3980,subincoe@example.net
권순옥,70605,전라남도 남양주시 가락길,017-769-4232,zgim@example.org
차하윤,64115,울산광역시 광진구 개포4길,016-841-4619,yeongsunbag@example.com
고아름,61915,세종특별자치시 강남구 오금81길,032-266-8698,anjeonghun@example.org
이승민,95957,경기도 고양시 서초중앙로 (보람장읍),044-507-1703,hongsujin@example.net
박서현,70663,제주특별자치도 천안시 서북구 개포길,043-432-5603,jungsu56@example.com
민유진,81986,서울특별시 강서구 언주27가 (은영이박읍),051-441-3420,eunjeonggim@example.net
김예은,48589,강원도 서천군 역삼176거리,033-907-2530,mi@example.net
박동현,79597,울산광역시 광진구 언주가 (은서이권리),02-7896-3620,hyeonji40@example.net
오정희,93788,충청남도 고양시 일산동구 서초중앙4가 (수빈이양동),033-305-8609,sanghuni@example.net
김예진,26339,서울특별시 북구 봉은사거리 (지현노마을),011-852-3624,hongcaeweon@example.com
김정남,02621,강원도 서천군 봉은사거리 (유진이면),018-539-8507,jiweonbag@example.com
손지은,66642,전라북도 과천시 역삼1거리 (상호이박마을),02-5659-3014,gimyeongsig@example.com
이영미,24903,부산광역시 영등포구 영동대길,053-648-6136,migyeonggim@example.com
서정자,16543,광주광역시 광진구 도산대거리 (정남김마을),011-183-4404,juweongim@example.net
이현주,28449,울산광역시 서구 언주50길 (영희김백리),053-132-5600,oseo@example.net
유도현,72063,광주광역시 종로구 개포2로,051-667-4514,eunjigu@example.net
김채원,80737,부산광역시 동대문구 봉은사거리,052-653-0988,gimsiu@example.com
장은지,45736,경상북도 안산시 상록구 서초중앙길,064-796-1079,xi@example.org
박영자,19168,충청북도 천안시 동남구 서초대로,052-732-5944,cno@example.net
강광수,59528,충청북도 계룡시 반포대거리 (재현심읍),011-671-1623,seongjin99@example.net
이영일,89312,서울특별시 종로구 강남대79로 (진우손동),064-749-2887,yeweongim@example.com
김성진,19125,세종특별자치시 남구 백제고분길 (정훈김강동),033-714-4856,sheo@example.net
장정식,26079,광주광역시 중랑구 잠실4가 (상호김박동),033-818-9546,ybag@example.net
박영길,56407,제주특별자치도 안산시 단원구 강남대87거리 (영환윤리),010-7865-2879,jeonghyi73@example.org
최중수,23007,전라남도 부천시 소사구 학동로,018-611-4638,yeongil53@example.com
김민준,00085,인천광역시 금천구 석촌호수3가,054-091-7683,myeongsugji@example.org
김경수,06054,광주광역시 성북구 언주가,031-135-0468,junseohan@example.com
김정자,95402,경상북도 고양시 덕양구 잠실33로,043-404-1261,noseoyeong@example.org
박현준,11692,울산광역시 서구 테헤란가,041-155-1789,seongjini@example.org
김재현,41409,세종특별자치시 용산구 언주가 (미경윤박면),052-324-3253,sumin36@example.org
김현숙,44234,경기도 영월군 잠실길 (현준김김동),02-1412-1043,dha@example.com
박서준,28402,강원도 고양시 일산서구 언주길,019-584-5685,jeongsug97@example.net
이병철,56316,울산광역시 관악구 서초대77길 (영자이읍),053-454-4809,yeonggil91@example.com
윤상호,53033,전라남도 청주시 청원구 압구정634가,044-205-0396,coedoyun@example.net
김도윤,32368,서울특별시 영등포구 학동0로 (정순양김동),064-756-9552,misugan@example.org
이성호,92762,강원도 용인시 강남대길 (상현김리),010-0850-6119,yujin01@example.net
박하은,86096,부산광역시 영등포구 서초대6가,055-211-4594,khong@example.org
이지민,81758,충청북도 아산시 봉은사38길 (수빈박최면),032-839-1895,jaeho29@example.com
한상철,58055,인천광역시 노원구 강남대길,043-535-6589,jeongnamcoe@example.org
박정식,99515,세종특별자치시 성북구 백제고분5거리 (정호박읍),017-007-0988,mgim@example.org
박지후,82489,경상북도 금산군 개포65거리,053-416-9406,egim@example.net
강수빈,51271,광주광역시 노원구 영동대06거리 (지현홍면),054-321-3572,seunghyeon15@example.net
고지민,44911,전라남도 남양주시 학동223거리 (지민이동),054-706-4775,minseogim@example.com
김진호,51664,부산광역시 중랑구 언주774로,031-080-7808,seonghunjeong@example.net
류상현,32276,제주특별자치도 괴산군 봉은사거리,055-724-2467,seongogsun@example.org
김정훈,33237,경기도 홍성군 오금6길,017-347-8523,miyeong83@example.com
진서준,53711,강원도 서산시 학동46가,019-234-3180,yeongmiseong@example.org
서재호,59035,경상남도 하남시 테헤란길,042-866-6722,gimhyeonu@example.net
김성수,99968,대전광역시 성북구 압구정길,044-623-3890,ujinmin@example.net
강민수,87526,부산광역시 성북구 서초중앙거리 (예지김면),054-179-0016,yejungim@example.com
김지원,40958,인천광역시 동작구 학동로,031-853-8101,dohyeon90@example.org
진정자,81463,울산광역시 구로구 백제고분로 (정훈백면),043-274-6840,jia24@example.com
한춘자,44051,서울특별시 성동구 영동대로 (수빈장마을),054-181-8345,gimjunseo@example.com
김동현,55800,경상북도 청주시 청원구 반포대714길,044-712-7252,jumijeong@example.net
홍명숙,98745,충청남도 연천군 압구정69가,041-882-5437,jinhoseo@example.net
김승현,94854,부산광역시 동대문구 가락68길,019-291-1787,minseog46@example.org
박승민,64077,경상북도 시흥시 압구정866길 (윤서홍리),054-883-0073,yujinha@example.net
남경숙,98541,울산광역시 송파구 도산대길,018-107-6945,myeongsug50@example.net
최성호,57334,경상남도 원주시 오금가,055-787-6079,jinugim@example.org
김춘자,80521,충청남도 청주시 서원구 오금거리,062-797-2932,jeonghungim@example.net
김수진,58998,충청북도 안양시 만안구 학동가 (미숙윤동),055-864-9509,coeareum@example.com
김예준,94753,대구광역시 종로구 가락84길,017-577-3157,hwangjaehyeon@example.org
오명자,91056,전라북도 안산시 석촌호수가,02-2630-4493,namjeongsug@example.net
이건우,57462,전라북도 횡성군 오금길,032-038-5110,hyejingim@example.net
김재현,38251,강원도 서산시 삼성31가 (순옥김면),016-469-7625,dan@example.org
이지혜,06693,광주광역시 서초구 양재천로,043-804-8384,dcoe@example.com
구재현,97467,세종특별자치시 중랑구 석촌호수가 (상현배이동),010-6731-6701,hayun11@example.com
이지아,37204,전라북도 음성군 도산대07로,011-972-4085,munyeweon@example.org
박정호,16351,인천광역시 구로구 역삼370가 (수빈손이면),061-620-6573,gimyeongjin@example.net
박상현,92104,부산광역시 종로구 반포대가,062-487-9262,gimcunja@example.net
양정수,54551,서울특별시 도봉구 서초중앙거리 (성민안김읍),054-184-0476,cajeonghun@example.com
윤준혁,57114,경기도 삼척시 도산대59거리,054-229-3909,junyeong51@example.org
이승현,08138,전라남도 부천시 역삼거리,031-081-2480,egim@example.com
민광수,69331,전라북도 시흥시 잠실거리 (명숙강이리),055-080-2750,mi@example.net
최도윤,59726,충청북도 단양군 석촌호수로 (영희김김면),054-255-7973,seongsuyang@example.com
김영미,14271,세종특별자치시 양천구 논현가,054-888-2683,jeongsuryu@example.net
문서준,87062,대구광역시 서초구 서초중앙6거리 (선영이이읍),052-256-7847,yeongsiggim@example.org
박영미,24824,서울특별시 용산구 선릉277가 (영호윤마을),051-394-9036,miyeong05@example.com
김재현,61466,인천광역시 성북구 반포대길,070-8503-6629,hi@example.com
박미경,06519,인천광역시 광진구 영동대거리 (은서김동),018-584-9777,gimjunseo@example.net
허예준,24230,강원도 철원군 잠실17거리,061-587-1762,jiyeon66@example.com
서옥순,51481,강원도 양양군 학동가 (상철정이마을),054-946-7051,sangho64@example.org
김경희,31325,대전광역시 북구 영동대017로 (성민김김읍),063-489-4491,ri@example.net
박미숙,73773,충청남도 논산시 언주로 (정희이김면),019-474-7398,siu85@example.com
박도윤,67421,울산광역시 강동구 개포87로,017-256-9889,jangyeongsun@example.com
김수빈,25055,인천광역시 도봉구 오금9로,061-524-7842,miyeong03@example.com
박영호,16663,충청남도 강릉시 서초중앙5로,052-286-7388,jihuni@example.org
김경숙,34028,서울특별시 강서구 역삼1가 (하은엄유면),010-2941-7700,sanghogim@example.net
박순옥,05593,인천광역시 관악구 개포거리 (주원최리),032-174-5032,yeongceolcoe@example.org
김예지,22076,대전광역시 강서구 오금2가 (영식고마을),055-799-5479,gimyeweon@example.net
박정수,22820,부산광역시 마포구 역삼거리 (명숙정마을),041-527-3791,gimdoyun@example.net
최승현,38440,경상남도 광주시 반포대길,061-147-3898,vo@example.net
송영순,13509,전라남도 이천시 테헤란로 (준영홍마을),053-054-7810,jungsu63@example.com
오진우,36951,서울특별시 강남구 역삼거리,051-673-2825,ai@example.net
박하윤,75689,경기도 여주시 선릉401가,043-941-3788,gangjieun@example.com
김재호,25932,대구광역시 성동구 강남대75길 (미숙유이동),053-893-7716,junho07@example.com
이예은,04995,충청남도 화성시 언주46거리 (아름양문읍),051-538-7914,yejun57@example.com
김승현,64873,광주광역시 서구 잠실1가 (시우이면),02-2564-2041,mgweon@example.com
이지훈,87810,충청북도 홍천군 압구정길 (영순김김마을),043-719-3179,ijiu@example.com
최민수,25469,광주광역시 성북구 삼성0로 (정자양박면),044-576-3042,gimgeonu@example.net
한현지,98718,경상남도 안산시 상록구 백제고분거리,032-575-8513,simujin@example.com
강상철,40624,대구광역시 관악구 선릉로,042-959-4928,hyu@example.net
안승민,93194,광주광역시 강북구 테헤란033거리,042-957-4638,sgim@example.com
이승현,23609,강원도 가평군 봉은사0가,019-609-7893,cbag@example.com
강민재,18654,경상북도 동두천시 언주가 (서현노읍),055-226-8006,jeongunghwang@example.org
강민수,87614,충청북도 안산시 테헤란길 (현정이허리),016-167-5335,isunja@example.org
박민지,83658,세종특별자치시 서초구 잠실6거리,031-367-0252,jungsubag@example.org
정영호,13096,경상북도 광주시 서초중앙로 (옥자김김면),063-220-6379,ugim@example.com
박현준,83733,제주특별자치도 고양시 양재천00길,043-314-3199,vgim@example.com
권민지,69765,인천광역시 강북구 오금4가 (성수강이읍),054-011-1936,seonghuni@example.com
박영진,91552,경상남도 부천시 봉은사길 (민서최마을),017-487-1918,jiminhong@example.net
김예준,35763,광주광역시 용산구 도산대0길 (은서박동),055-364-8509,yujeongsu@example.net
강은영,47619,경상남도 시흥시 가락가,033-383-1426,igim@example.net
남종수,88971,경상남도 아산시 테헤란759로 (예원황읍),063-716-1595,abag@example.com
하상현,00742,전라북도 안산시 상록구 가락86거리,041-172-1574,jeongsunmun@example.org
최윤서,30953,울산광역시 성동구 삼성길,010-9407-4535,jiyeong57@example.net
이민수,77551,경상남도 천안시 서북구 영동대거리,052-692-8086,geonubag@example.org
김예원,32198,부산광역시 중구 잠실3가 (서현김강면),044-400-8524,yeji73@example.org
곽경희,50894,대구광역시 도봉구 강남대길,053-061-3650,gseong@example.com
김지은,81220,충청북도 안성시 양재천90길 (진호김리),062-991-0337,seojungim@example.org
이춘자,79738,부산광역시 영등포구 오금5거리,052-436-9759,hgim@example.net
김우진,04458,대전광역시 남구 개포로 (민서최면),052-302-0076,yeongsig58@example.net
김병철,04843,전라북도 부천시 오금8가,070-5979-1788,yeeun85@example.org
김경희,53246,충청남도 의정부시 압구정1가,064-728-1069,jongsui@example.com
김미경,47764,경상남도 수원시 영통구 압구정4거리 (숙자안김읍),032-134-5132,iujin@example.org
오서윤,22660,울산광역시 용산구 백제고분로,055-727-7735,tjang@example.com
송영철,84960,충청남도 계룡시 반포대거리 (명숙김박리),062-664-0606,pi@example.org
이진호,84633,경기도 광명시 학동90로 (경숙양읍),016-265-2786,bmin@example.com
최채원,44975,전라남도 구리시 서초중앙길 (지훈조황동),031-273-2271,seonghun20@example.net
김주원,49596,대전광역시 마포구 가락가,019-646-6170,subin91@example.org
박도현,24266,인천광역시 금천구 도산대26로,044-471-6592,bagjieun@example.com
황예원,44511,서울특별시 영등포구 도산대2거리 (옥순류권리),053-432-1966,eungyeongi@example.net
박민재,15277,경기도 여주시 개포가,070-0751-3528,yi@example.com
홍미영,25846,강원도 제천시 역삼0로,062-007-2888,sunog05@example.com
김정희,52487,전라남도 예산군 반포대178가,054-388-5254,seojun23@example.net
안현우,59901,부산광역시 도봉구 서초대233로 (민재김권마을),018-000-5156,jangsunog@example.org
이미숙,32699,전라북도 여주시 봉은사가,042-348-3203,yeweonjo@example.org
허영호,65153,울산광역시 도봉구 반포대거리 (예은이김리),010-1276-1850,mmun@example.com
이지혜,30614,서울특별시 광진구 석촌호수거리 (재호김문면),051-998-5999,anjunseo@example.org
이민석,31712,울산광역시 동작구 백제고분거리,016-117-2122,jihyeon54@example.com
류예진,32436,인천광역시 은평구 압구정9거리,02-4534-7577,yeongsugmun@example.net
안영미,59347,울산광역시 남구 언주가,016-485-6726,mbag@example.com
김정수,83172,울산광역시 마포구 잠실길,051-917-3866,imsugja@example.net
남은경,05423,경상남도 제천시 반포대5길,054-264-0600,sugja80@example.net
이성진,33607,인천광역시 종로구 개포646로,032-805-0444,jinu29@example.net
김서영,78607,전라북도 논산시 언주01거리 (수빈김문동),043-986-8828,seojun84@example.net
송상현,54131,충청북도 속초시 양재천가 (민서박박동),017-743-0391,gyeongsu28@example.org
김지원,94015,제주특별자치도 수원시 권선구 도산대181가 (정호이정읍),053-304-3432,minsugim@example.com
박민지,32425,충청남도 양주시 영동대212로,054-269-0141,jinu84@example.net
지성진,91812,울산광역시 남구 백제고분45길,055-202-3846,hongyeongil@example.net
김건우,22497,전라남도 양양군 역삼8길,017-633-0221,iyeongsig@example.net
양상현,75470,광주광역시 노원구 테헤란가,061-707-4314,jinu18@example.com
배예지,19450,강원도 수원시 권선구 학동754로 (예준송동),010-2092-0956,jeongnam55@example.com
이민준,04406,경상북도 시흥시 압구정로 (정자이김면),011-939-3604,yeonghwanryu@example.com
김지혜,63823,전라남도 논산시 삼성9가 (옥순고김읍),033-595-7697,fi@example.net
김동현,94392,경기도 고양시 일산동구 강남대가,042-653-5134,minjae65@example.net
이재호,34404,경상북도 금산군 테헤란7가 (건우김배동),018-572-2276,yeongilmun@example.net
노정수,22717,경상북도 옥천군 역삼가 (예준구마을),054-836-9545,gimjihyeon@example.net
김성수,37514,강원도 부천시 서초중앙8길,063-802-7971,ni@example.com
이시우,93812,인천광역시 종로구 개포길,064-709-4286,pna@example.org
차수진,33511,부산광역시 성북구 잠실4가 (지아김면),018-284-7216,gweonyeongsug@example.net
권정훈,15340,부산광역시 서대문구 오금로,070-0193-9564,boram80@example.com
홍성수,67443,대전광역시 송파구 도산대01거리,052-263-7656,jihyeon50@example.org
류지아,65527,강원도 철원군 삼성로 (성훈정읍),016-059-4108,jungsu02@example.net
류옥자,85795,전라북도 보령시 양재천가 (서윤홍면),044-343-1086,yeonggil67@example.net
박성진,09620,부산광역시 영등포구 봉은사가 (성현박읍),019-704-6613,iboram@example.org
이병철,46964,인천광역시 중구 백제고분로,064-754-6305,gimseoyeon@example.com
이정자,36432,울산광역시 강서구 삼성로,062-369-1151,zo@example.com
이옥자,39485,제주특별자치도 충주시 역삼거리 (예은박읍),044-280-8819,jeongsuhong@example.org
이성호,91320,대전광역시 용산구 언주길,055-164-5835,areumgim@example.org
김은지,79764,경상북도 괴산군 영동대거리 (서윤이읍),041-812-2057,fo@example.org
한경자,66940,전라북도 의왕시 압구정54로,016-169-4111,hyeonjeong86@example.net
정준혁,22449,충청북도 안양시 만안구 서초중앙7로,032-542-7711,jeongunggim@example.net
손민준,25491,광주광역시 관악구 영동대544로,042-655-7965,areum11@example.net
김준서,97036,울산광역시 금천구 선릉25로,033-512-0702,yeongsugu@example.org
김건우,09414,세종특별자치시 송파구 오금로 (상호문심마을),041-272-4355,seonghunseo@example.net
김상호,08988,경상남도 양구군 압구정581로,019-989-9971,gimjeongho@example.com
최성민,58667,경상북도 부여군 잠실가,054-590-8792,jia09@example.net
손지연,37294,경상남도 원주시 강남대2거리 (재현박박면),018-728-3277,gimjimin@example.com
김현정,06577,인천광역시 은평구 양재천가,041-484-1736,ujihun@example.net
한민수,08014,경기도 인제군 논현40거리,042-753-0714,usin@example.org
오현지,39796,광주광역시 은평구 양재천80로,032-339-2184,gimhyejin@example.com
이민지,46933,전라남도 동해시 서초중앙거리 (명자박동),02-9914-8352,seoyeongmun@example.com
민하은,21551,대구광역시 서구 서초중앙길,053-417-9689,seongminbag@example.com
황상철,95115,충청남도 충주시 가락거리,031-604-5573,seongjinbag@example.com
이준영,16535,세종특별자치시 구로구 서초대79거리 (정수박주마을),031-659-2853,misug67@example.com
안영호,18325,울산광역시 영등포구 개포거리,044-970-5317,sanghungim@example.net
최하은,78594,경상남도 안산시 상록구 반포대468길,063-880-4099,seonghungim@example.com
손정수,51109,울산광역시 동작구 백제고분13로 (도현이진리),061-589-4642,geonu57@example.org
남정호,48795,전라북도 태안군 오금83로 (순자박동),032-187-9411,seonghobag@example.net
남지후,54894,충청북도 안양시 만안구 테헤란42길 (정식류리),055-472-5037,nocaeweon@example.com
김하윤,16126,경상북도 안산시 상록구 압구정268로,033-356-8485,sonmijeong@example.org
이준호,87342,경상북도 태백시 백제고분가 (지훈심리),02-3140-0359,jbag@example.com
김민서,37809,경기도 천안시 서북구 반포대거리,053-718-5753,vbag@example.org
서순자,86402,제주특별자치도 춘천시 봉은사로 (성현이이면),055-073-4906,ojang@example.org
김서현,20449,광주광역시 영등포구 논현길 (성훈김마을),042-729-1794,gimgeonu@example.org
박영희,06309,부산광역시 용산구 선릉5가 (민수강리),016-683-5876,hyeonji27@example.net
차시우,98865,전라북도 천안시 동남구 오금7거리,010-3964-7154,cgim@example.com
이도윤,33521,서울특별시 종로구 잠실1길 (예지윤전리),064-775-2849,seonyeong46@example.net
이정웅,58808,전라남도 포천시 서초대828로,031-812-2102,yeongjini@example.org
류혜진,25493,부산광역시 은평구 압구정가 (정희박마을),042-045-1508,sunogi@example.org
김지혜,12195,경기도 안산시 영동대8거리,051-461-1730,mgang@example.com
백옥순,29147,대구광역시 강북구 영동대길 (상현남김동),043-419-7978,donghyeongim@example.net
송숙자,74990,충청북도 인제군 언주가,019-089-2791,seojun92@example.net
이현숙,82772,충청남도 평창군 석촌호수13가 (민재유이마을),041-407-0699,obag@example.net
김서현,78574,세종특별자치시 영등포구 역삼38로,061-499-4172,eunju52@example.net
김진호,85502,제주특별자치도 당진시 도산대571로 (민재배리),017-872-3139,jiyeonggim@example.com
윤시우,01432,경상남도 청주시 청원구 오금87가 (윤서김면),010-3194-5659,seohyeon09@example.com
김예준,78902,충청북도 수원시 장안구 도산대가 (지혜김읍),031-874-4221,sunjagim@example.org
김지혜,48002,서울특별시 금천구 역삼가,031-282-5920,gimeunyeong@example.net
박하윤,04457,경상북도 용인시 기흥구 서초중앙로 (영일이읍),064-758-4136,gyeongja55@example.net
김광수,19276,울산광역시 동대문구 봉은사571로,019-446-6218,seonghuni@example.com
김옥자,51038,서울특별시 강남구 반포대거리 (상호김김마을),032-144-4540,junyeong81@example.com
엄준호,86275,경상북도 금산군 테헤란길,064-785-3162,iyeeun@example.net
김혜진,75355,경상북도 철원군 도산대가,011-893-9117,jeonghyi53@example.org
허보람,20410,인천광역시 북구 언주길,052-220-5356,coeminseog@example.com
김정훈,51123,서울특별시 강남구 석촌호수370길 (도윤이리),054-437-5784,jaeho58@example.net
김영순,96960,세종특별자치시 성동구 반포대길 (서현장성마을),033-266-7302,gimjeongung@example.net
이지민,64272,대구광역시 중구 학동8가,051-280-6253,gimjeongsun@example.com
김수빈,33732,경상남도 철원군 양재천67로,041-311-3031,gryu@example.com
김수진,94198,부산광역시 광진구 선릉334거리 (정숙서안마을),054-836-5580,namogsun@example.org
박영희,46564,제주특별자치도 서천군 선릉가,019-650-2211,eheo@example.com
유성현,23972,전라북도 영동군 반포대0거리 (영식이면),043-680-7915,scoe@example.net
박수민,27256,충청북도 광주시 테헤란54로,031-590-8971,yeongjin97@example.org
박서윤,60926,충청남도 고양시 일산동구 반포대가 (지연김동),016-190-0798,ri@example.org
최영진,14431,세종특별자치시 서대문구 석촌호수길 (미정오면),017-349-2091,cjeon@example.org
이민수,20947,인천광역시 남구 잠실거리,031-712-3296,doyun41@example.net
이은정,15260,울산광역시 영등포구 압구정13가 (현정양마을),016-543-6241,yeonghwan75@example.com
장정웅,46914,부산광역시 성북구 테헤란로 (춘자김마을),011-262-1960,li@example.com
박영희,78400,인천광역시 강북구 선릉거리 (예진김류면),017-835-6006,ogsungim@example.net
이병철,32198,제주특별자치도 화천군 잠실718가,017-559-6378,vi@example.net
진영수,00099,경기도 수원시 장안구 반포대36길,043-207-9250,yejuni@example.net
서정훈,49315,전라북도 제천시 영동대4길,018-631-7015,mbag@example.net
이영철,23599,경상북도 동해시 반포대474로,052-529-5637,hyeonjeongi@example.org
박보람,46846,충청남도 인제군 개포길,010-8616-8617,zcoe@example.com
박영진,82524,강원도 원주시 테헤란3거리,041-931-2974,gimeunju@example.org
이재호,59441,인천광역시 서대문구 영동대길 (정호박신면),019-695-1961,jihyeon02@example.org
김선영,40896,강원도 동두천시 서초대거리 (지원노김면),070-0323-4719,hgim@example.org
김미정,43847,충청남도 삼척시 개포거리,044-249-3550,gyeongsubag@example.net
김영순,68459,대구광역시 강동구 강남대2길 (광수김이읍),017-958-8452,hangyeongsu@example.org
김민준,23564,경상북도 금산군 가락520가 (예원최마을),044-034-0116,donghyeoni@example.net
신진호,78026,전라북도 수원시 영통구 역삼892길,019-412-2830,imsubin@example.org
강선영,17409,제주특별자치도 공주시 도산대길,043-658-0056,yeeun27@example.com
서현준,13727,충청북도 고성군 양재천9길,02-0730-2363,qca@example.net
박지민,84266,광주광역시 서초구 테헤란98거리,011-064-2448,junhyeog25@example.org
고정수,82174,경기도 원주시 가락거리,053-540-4568,ujinhan@example.com
김병철,85083,충청남도 보령시 잠실로,051-515-3984,hyejini@example.org
김지민,89525,광주광역시 성동구 논현길 (준서이하동),062-133-0985,yeongceol36@example.org
송미숙,45738,울산광역시 종로구 백제고분7로 (중수이마을),052-472-4921,jeongja53@example.com
이성수,44065,인천광역시 종로구 언주거리,011-952-1035,gangseunghyeon@example.org
김민재,15418,경상남도 음성군 역삼19길,055-487-0637,egim@example.org
김은정,03818,경상남도 정선군 개포88가,053-409-2133,mgim@example.org
김아름,41286,서울특별시 중구 잠실거리 (하은권마을),041-309-5673,zyang@example.com
오영환,78742,광주광역시 마포구 서초중앙3거리 (서현한리),041-748-8665,caeweon09@example.org
김숙자,94522,인천광역시 강북구 학동9거리,051-257-4113,gangsunja@example.org
서경숙,09074,전라남도 양주시 논현4로,062-662-9471,gyeongsu02@example.net
안상현,37306,제주특별자치도 보은군 삼성거리,061-369-8501,li@example.net
엄수빈,01240,울산광역시 금천구 반포대500길,054-969-5246,iyeongja@example.com
이순자,31738,전라남도 수원시 장안구 선릉7거리 (준혁장배마을),042-323-5366,hanjiu@example.org
이정남,39498,부산광역시 강서구 역삼로,02-7353-0081,jihye82@example.net
김채원,82381,대전광역시 강서구 논현703길 (지연오김동),031-381-4083,gbag@example.org
박승현,73142,대구광역시 송파구 오금가 (영진오박동),055-416-6728,zgim@example.org
한서준,07901,광주광역시 강동구 개포440길 (은영백이면),064-736-9087,junyeong45@example.net
김정호,80551,대전광역시 광진구 서초대가 (영희이최리),061-323-6885,baggyeongsu@example.org
이예준,56211,전라북도 군포시 테헤란17로,070-6410-7501,mijeong55@example.net
한동현,47101,인천광역시 마포구 봉은사8로 (윤서김김동),061-497-9918,yejun73@example.org
이정순,52505,부산광역시 강남구 백제고분가 (예원이동),053-113-8638,ijinho@example.net
최예원,45113,광주광역시 동대문구 서초중앙703가 (서영김박마을),018-127-5049,ano@example.com
윤하윤,47056,세종특별자치시 광진구 선릉46거리 (민재김최읍),051-869-2357,anhyeonu@example.org
김민재,84077,충청북도 청주시 서원구 논현076거리,053-034-1484,munjeongja@example.net
박지후,34514,제주특별자치도 부여군 언주4거리 (옥자윤고마을),052-220-5889,jeonghohwang@example.com
이민재,24692,대구광역시 강남구 백제고분길,061-567-3667,xhan@example.org
박서연,10262,전라북도 시흥시 영동대거리 (상호황이마을),062-437-7264,simeungyeong@example.com
오은주,12968,울산광역시 북구 선릉길,043-415-1360,juweon08@example.org
이숙자,00012,경상북도 영월군 석촌호수로,018-011-8656,eunji81@example.org
황민준,88527,세종특별자치시 종로구 양재천4길,011-807-1032,obag@example.com
김지우,68216,서울특별시 금천구 백제고분448길 (옥순김이동),064-776-1869,eunseo44@example.net
김민재,31363,세종특별자치시 도봉구 역삼0로,018-470-4213,gimseongho@example.com
박성훈,70841,전라북도 동해시 선릉로,053-728-4379,yejungim@example.com
이유진,45409,경기도 청주시 흥덕구 강남대1길,017-802-7160,yunseocoe@example.org
강영수,97394,강원도 용인시 처인구 개포가 (재호주김마을),070-3160-7763,jaehyeongim@example.net
이하은,70100,경상북도 화성시 역삼017로 (중수권읍),051-100-6240,yi@example.net
서영철,12236,경상남도 화성시 오금가,018-073-2243,minsuhwang@example.org
심정훈,23926,광주광역시 서대문구 가락길,017-075-7192,wo@example.net
장지아,98722,경상북도 태백시 도산대거리,02-0654-2786,jigwangsu@example.org
이혜진,46974,경상북도 고양시 덕양구 언주로,043-192-6266,pbag@example.org
이순자,62454,부산광역시 강남구 서초중앙길,063-724-1334,sumin44@example.com
박민준,40365,충청남도 안양시 만안구 오금53거리,062-512-9498,xgo@example.net
장준서,66466,충청북도 금산군 역삼가 (성수안읍),053-140-0805,sugjai@example.net
이지은,12896,대전광역시 종로구 삼성가 (미영장리),033-680-6685,sanghyeon96@example.com
고경희,52337,세종특별자치시 영등포구 서초대로 (주원김송마을),041-750-7231,agim@example.org
안성훈,89010,경상북도 오산시 언주길,053-560-5422,lca@example.org
김민지,31116,제주특별자치도 청주시 흥덕구 오금96길 (상현김곽면),053-266-2915,coejiyeon@example.org
이성호,13817,대전광역시 금천구 역삼길,043-213-9355,gimboram@example.com
김지은,11801,인천광역시 관악구 논현5로,063-412-0318,jungsugim@example.net
김숙자,40962,울산광역시 관악구 압구정7거리 (영길백이면),042-331-9841,qi@example.net
백성호,37240,경상북도 보은군 역삼70가 (민수류김동),062-338-6969,haeun88@example.com
오명숙,53520,경기도 단양군 개포거리,033-700-6949,gimjeongho@example.org
신지훈,70833,대전광역시 도봉구 가락4거리 (재현김오리),02-7106-9071,jeongsugim@example.net
이영미,31988,경기도 청주시 상당구 오금216가 (현준장면),019-987-4753,gimhyejin@example.org
김영길,65249,경상북도 용인시 수지구 언주767거리 (선영김안면),019-411-4750,him@example.net
최성호,96796,충청남도 광명시 개포거리,033-197-2419,eombyeongceol@example.net
권서연,84714,충청남도 이천시 가락176로 (영환지최리),043-216-9749,munyujin@example.org
김승현,53311,대전광역시 강서구 봉은사035가,016-693-0176,yyang@example.net
장아름,21524,인천광역시 노원구 백제고분228가 (정수김이리),054-352-8384,jaeho61@example.com
문민준,96983,광주광역시 강동구 역삼거리,031-711-5366,geonu64@example.com
한영숙,91829,인천광역시 금천구 가락6로 (현정박김동),032-913-8214,minseog09@example.net
이혜진,97984,강원도 김포시 잠실73길,033-562-1566,xbag@example.org
김보람,27369,세종특별자치시 북구 삼성7로 (상훈류김리),052-307-7669,jgim@example.org
김은서,03705,강원도 태백시 도산대길 (현지이리),070-7307-4031,bagyeweon@example.com
홍현우,63122,강원도 여주시 개포1거리 (아름이동),070-5916-5257,hwangjaeho@example.net
이지연,45169,충청북도 고양시 일산서구 석촌호수거리 (정남김읍),070-8508-9781,egim@example.net
박순자,76836,광주광역시 성북구 선릉로,044-332-9062,coeminsu@example.com
김하은,30488,강원도 수원시 팔달구 역삼로,041-000-1591,bagseonghun@example.com
김서현,33686,울산광역시 은평구 잠실2길 (은주이동),054-965-5435,haeun11@example.net
송지연,23997,전라남도 원주시 삼성82로 (민수강리),043-203-1582,rbag@example.org
황민수,36083,경상북도 수원시 팔달구 백제고분61가 (준혁황하면),019-905-5002,gimyunseo@example.org
권경숙,22510,경기도 부천시 원미구 서초대87로,044-905-6358,mgang@example.net
이예지,57390,제주특별자치도 공주시 강남대98로 (영식김성동),018-213-0062,xhan@example.net
이영미,38094,경상북도 안양시 도산대길,063-844-5359,baemisug@example.org
김하윤,14954,경기도 수원시 권선구 봉은사길,052-685-8061,ieungyeong@example.org
송광수,12255,경기도 정선군 봉은사720길 (현숙이읍),017-005-7441,jaehona@example.org
나미영,77401,대구광역시 관악구 잠실854길 (영일안마을),051-358-1580,fi@example.net
이영길,24305,경상북도 성남시 중원구 가락536로,061-247-1741,gweonyeji@example.net
최재현,03579,제주특별자치도 영월군 압구정가,02-3775-8942,seoyeoni@example.org
박정남,69391,경기도 성남시 중원구 역삼길 (성호김양동),016-375-1749,pyang@example.org
구서윤,29663,세종특별자치시 도봉구 강남대로,055-201-8117,yunminjun@example.net
김윤서,20518,부산광역시 종로구 역삼054길,032-874-5255,seonghohong@example.com
황현주,13910,충청북도 홍성군 가락로 (정식김읍),032-227-1452,minsu70@example.net
김은정,58643,강원도 양구군 잠실가,041-761-0902,coejungsu@example.net
이채원,93135,울산광역시 송파구 석촌호수길 (상현송리),044-252-0350,gimjeongsug@example.com
권은정,63042,광주광역시 동대문구 역삼길 (정웅김박면),018-100-8296,ieunju@example.org
송준혁,49774,인천광역시 강남구 압구정거리 (성수김동),044-889-8924,gimseongmin@example.net
류시우,13949,서울특별시 광진구 서초중앙길,018-912-6358,agim@example.org
김하은,26559,충청남도 태백시 반포대가,055-079-2307,cgim@example.com
김정웅,46895,광주광역시 은평구 서초중앙58거리,043-860-8751,jihyeoni@example.com
조진호,58267,대전광역시 관악구 서초대로,033-825-3786,yeongsugi@example.net
박상철,15490,경상북도 광명시 잠실21가,033-975-2066,yunseogang@example.net
심진호,41975,서울특별시 성동구 서초중앙119로 (지은이읍),061-781-3140,nbaeg@example.org
오영일,70588,대구광역시 금천구 논현0가,041-082-6568,zcoe@example.org
최경자,05901,대구광역시 동대문구 봉은사08길 (영희신리),070-7605-4021,lsong@example.org
민은경,25006,인천광역시 강동구 역삼9로,044-331-4253,gimeunjeong@example.net
김서연,30069,제주특별자치도 예산군 삼성17길,052-880-5622,jihyeonbag@example.net
최성민,92745,광주광역시 종로구 봉은사가,042-904-2291,bagjaehyeon@example.com
최영순,07718,충청북도 성남시 중원구 언주0가 (하은강면),02-6142-9731,baggyeonghyi@example.net
류민석,89707,경기도 광주시 도산대344로,018-895-7663,dohyeon59@example.com
류영환,70026,인천광역시 송파구 도산대69로 (현우김이마을),018-358-5160,dgim@example.net
이경수,39948,대전광역시 강동구 가락050가,010-8020-5290,yeeunson@example.net
고숙자,43743,대구광역시 서대문구 강남대길 (은경유리),010-1474-0104,sanghyeoni@example.com
김민서,53788,전라북도 원주시 잠실196거리,043-841-0752,sgo@example.com
정지영,62960,대구광역시 서초구 가락62길,033-566-7330,wcoe@example.com
권민준,89805,부산광역시 서구 학동9거리,017-593-1633,jimingim@example.net
문순자,50425,대구광역시 금천구 잠실891로 (예은박백마을),063-320-5098,gi@example.com
김도윤,24681,인천광역시 서대문구 논현89로,051-507-0823,yejii@example.net
권성현,59146,충청북도 수원시 압구정315길 (혜진김김읍),011-637-7911,jimin25@example.com
이유진,43112,세종특별자치시 동작구 개포3가,019-641-8016,gyeongsuggim@example.net
김지원,81210,전라남도 구리시 삼성거리,010-9506-5808,ihayun@example.org
김영순,04103,부산광역시 북구 백제고분가,063-418-9441,eunjeong85@example.net
김영희,70866,경상남도 금산군 강남대07가 (준영김이리),055-365-1439,jinugim@example.net
황지민,05646,충청남도 평창군 가락로 (현지김최리),054-580-3172,gweonseunghyeon@example.com
김예준,81839,강원도 파주시 서초대길,010-9400-1015,muneungyeong@example.net
주동현,80317,경상북도 아산시 백제고분거리 (성민임면),061-088-7782,jihye90@example.org
유정호,13550,인천광역시 노원구 삼성655로 (승현박마을),033-552-8789,gosangceol@example.org
류예준,53482,강원도 고양시 덕양구 테헤란5거리 (은지송최리),041-752-8034,seongsui@example.net
장시우,56599,전라북도 춘천시 잠실5길,053-437-6594,eunjugim@example.com
김성훈,94292,대전광역시 강남구 삼성073길,044-048-9631,yeonghyi39@example.org
최수빈,86278,부산광역시 강서구 논현로,064-773-3119,lyun@example.org
김정훈,95564,대구광역시 광진구 삼성가 (정자김리),018-173-5890,yeongsig32@example.com
최영식,50176,경상남도 용인시 서초대777가 (영환박읍),017-051-4064,dgim@example.net
김춘자,48571,강원도 부천시 오정구 오금340길,033-509-6886,eunjeonggweon@example.org
김정희,77586,경상북도 정선군 서초중앙27거리,051-001-3226,xseo@example.net
김지혜,28853,제주특별자치도 태백시 잠실거리 (순옥김읍),041-786-8325,ncoe@example.org
오중수,40853,부산광역시 서구 백제고분가,010-9038-5536,hi@example.org
김재현,41746,울산광역시 동작구 압구정거리 (민지김박마을),044-162-4140,hyeonju62@example.org
황종수,36514,대구광역시 강남구 논현거리,018-927-1789,seonyeong84@example.net
박보람,21315,세종특별자치시 서초구 가락539거리 (미정윤유동),043-151-4187,egim@example.org
이경희,38458,경상북도 성남시 중원구 오금로 (예지임동),063-888-1656,coecunja@example.org
남예진,59800,충청북도 금산군 서초중앙010길,011-253-1694,sanghogim@example.com
김지훈,01844,부산광역시 동대문구 학동862거리 (영숙최박면),032-003-2009,baeyeeun@example.net
권영식,24272,부산광역시 송파구 도산대가 (수진김박동),051-447-2839,seonyeonggim@example.net
박옥자,13524,대전광역시 서대문구 영동대326거리,055-104-7182,gimgyeonghyi@example.org
최수빈,32581,경상남도 수원시 권선구 압구정97로,070-1863-0395,bi@example.org
김지아,10655,경상북도 강릉시 서초대57거리 (미경권읍),010-2231-2526,dohyeongim@example.com
김옥자,78708,인천광역시 서구 서초대가 (은지김읍),016-474-0673,junyeonggim@example.com
홍은지,21813,서울특별시 강서구 선릉6길,043-943-8262,yeongsig30@example.com
이현숙,02137,경상북도 청주시 상당구 영동대9길,043-218-8377,hyeonjun61@example.org
이민석,40965,부산광역시 성북구 역삼301로,070-8293-7583,sangceolgim@example.com
박하은,80885,대전광역시 은평구 서초중앙95길 (미정이김읍),011-489-8238,gyeongsusong@example.org
김상호,43240,대구광역시 종로구 역삼로,055-510-3849,rseo@example.net
김은경,12408,부산광역시 동작구 양재천가 (미숙이김리),055-957-8677,junhyeog65@example.org
최경수,00552,대구광역시 노원구 서초중앙544로,032-293-1995,jeonghun04@example.com
김유진,54945,인천광역시 중랑구 오금133로 (서영이백동),018-458-7745,donghyeongim@example.net
전현우,81759,울산광역시 성동구 영동대9길 (진우박동),044-248-8152,yeongceol75@example.net
김은지,51245,세종특별자치시 광진구 반포대길,042-865-6441,nhong@example.net
박정훈,07605,광주광역시 서구 잠실길,041-207-4650,seoyuni@example.org
장정웅,42505,부산광역시 서대문구 삼성가 (서윤김리),041-831-1815,josunja@example.org
고민서,25218,강원도 고양시 서초중앙가 (진호강면),031-989-3506,ggweon@example.net
강정희,00831,울산광역시 은평구 개포길,063-244-6141,ki@example.net
최숙자,97162,세종특별자치시 용산구 논현가 (정훈윤송면),055-791-9868,donghyeon68@example.org
한은경,39872,대전광역시 양천구 역삼654가,062-066-5798,yeonggil20@example.com
이준영,12436,경기도 의왕시 영동대45가,031-603-7212,seongyeongsu@example.net
유명자,75390,서울특별시 강북구 선릉69거리,016-371-8078,isangho@example.com
박영수,38885,대전광역시 구로구 백제고분2길 (정훈이리),010-3506-8188,hyeonjeongcoe@example.net
이선영,00899,서울특별시 용산구 언주90거리,031-976-6787,eunjeonggim@example.com
김영수,51757,인천광역시 강서구 잠실길,061-198-5922,jeongung09@example.org
김은주,72905,경기도 하남시 오금9길 (동현김박면),061-739-8628,jeongseongjin@example.com
이민준,11508,전라북도 홍천군 백제고분68거리,062-398-5227,iseo@example.net
성정훈,35746,강원도 보령시 강남대6로 (명숙김리),061-383-2567,yeonghwan61@example.net
강현주,73343,울산광역시 북구 영동대가 (건우이황동),018-699-5910,sanghyeoncoe@example.net
손지아,67311,인천광역시 성북구 봉은사거리 (하은윤오동),032-929-7547,jihyeonhong@example.com
오상철,76517,충청남도 부천시 소사구 영동대47거리 (예은차면),070-7025-7735,yeji01@example.org
이우진,13095,서울특별시 송파구 삼성733로,055-604-6215,wi@example.org
이보람,33319,부산광역시 노원구 봉은사로 (영자홍마을),031-919-6510,rcoe@example.net
최준영,64696,대구광역시 관악구 양재천9길 (지영김박동),011-415-8351,migyeong37@example.net
이은주,43988,제주특별자치도 옥천군 석촌호수862로,042-513-5739,yangjiyeong@example.org
김정훈,84077,광주광역시 중랑구 오금로,054-328-0490,yejin83@example.com
강민수,86563,경기도 가평군 반포대길 (영숙서리),043-789-4052,handonghyeon@example.com
이은주,08586,부산광역시 중구 역삼6가 (현정심진읍),018-338-5170,seonghun86@example.net
이유진,26260,부산광역시 노원구 역삼로 (미숙김동),016-863-5244,fgim@example.net
김정자,96311,충청남도 계룡시 도산대가,052-111-5686,yeongsug94@example.com
김서윤,98274,충청남도 오산시 영동대936가 (동현이박면),032-218-2757,gwangsuseo@example.org
박민석,72622,울산광역시 남구 영동대길,017-338-5439,sanghuni@example.org
장정자,54372,울산광역시 영등포구 선릉0로 (명숙한김면),062-645-5178,agim@example.net
이병철,78712,제주특별자치도 화천군 서초대417가,064-732-9691,yeeungim@example.org
김순옥,44514,대구광역시 송파구 개포44길,042-765-5243,yeongsug66@example.org
